{"solution": [[1, 1, 1, 1], [5, 5, 5, 5], [0, 0, 0, 0], [1, 1, 0, 0], [1, 1, 1, 0], [1, 1, 0, 0], [1, 1, 1, 0], [1, 1, 1, 0], [1, 1, 0, 0], [1, 1, 1, 1], [5, 5, 5, 5], [5, 5, 5, 5], [5, 5, 5, 5], [5, 5, 5, 5], [5, 5, 5, 5], [5, 5, 5, 5], [5, 5, 5, 5], [5, 5, 5, 5], [5, 5, 5, 5], [5, 5, 5, 5], [5, 5, 5, 5], [5, 5, 5, 5], [5, 5, 5, 5], [5, 5, 5, 5], [5, 5, 5, 5], [5, 5, 5, 5], [5, 5, 5, 5], [5, 5, 5, 5], [5, 5, 5, 5], [5, 5, 5, 5], [5, 5, 5, 5]], "time": [0, 2.1899999999999973, 26.2300000000013, 26.7300000000013, 27.830000000001473, 29.590000000001044, 40.25000000000044, 64.27000000000017, 101.64999999999905, 147.9299999999974, 212.0199999999977, 272.0700000000199, 328.08000000006393, 380.05000000012984, 427.9800000002176, 471.87000000032725, 511.72000000045875, 547.5300000006121, 579.3000000007873, 607.0300000009845, 631.0700000009626, 655.1100000009408, 679.1500000009189, 703.190000000897, 727.2300000008752, 751.2700000008533, 775.3100000008315, 799.3500000008096, 823.3900000007877, 847.4300000007659, 871.470000000744], "buffer": [0, 20.0, 20.0, 19.5, 28.399999999999828, 41.75999999999957, 50.6599999999994, 64.01999999999973, 77.37999999999889, 86.27999999999832, 104.09000000000032, 100.05000000002218, 96.01000000004404, 91.97000000006591, 87.93000000008777, 83.89000000010964, 79.8500000001315, 75.81000000015337, 71.77000000017523, 67.7300000001971, 63.69000000021896, 59.65000000024082, 55.61000000026269, 51.57000000028455, 47.530000000306416, 43.49000000032828, 39.450000000350144, 35.41000000037201, 31.370000000393873, 27.330000000415737, 23.2900000004376], "reward": 0.39369392752455884, "final_time": 896.0100000007221, "playing_br": [[2.1899999999999973, [1.0, 1.0, 1.0, 1.0]], [26.2300000000013, [11.0, 11.0, 11.0, 11.0]], [27.830000000001473, [1.0, 1.0, 0.0, 0.0]], [29.47000000000173, [1.0, 1.0, 1.0, 0.0]], [30.690000000001216, [1.0, 1.0, 0.0, 0.0]], [41.890000000000114, [1.0, 1.0, 1.0, 0.0]], [65.910000000001, [1.0, 1.0, 1.0, 0.0]], [102.74999999999962, [1.0, 1.0, 0.0, 0.0]], [150.1199999999954, [1.0, 1.0, 1.0, 1.0]], [236.05999999997584, [11.0, 11.0, 11.0, 11.0]], [296.109999999998, [11.0, 11.0, 11.0, 11.0]], [352.12000000004207, [11.0, 11.0, 11.0, 11.0]], [404.090000000108, [11.0, 11.0, 11.0, 11.0]], [452.02000000019575, [11.0, 11.0, 11.0, 11.0]], [495.9100000003054, [11.0, 11.0, 11.0, 11.0]], [535.7600000004369, [11.0, 11.0, 11.0, 11.0]], [571.5700000005902, [11.0, 11.0, 11.0, 11.0]], [603.3400000007655, [11.0, 11.0, 11.0, 11.0]], [631.0700000009626, [11.0, 11.0, 11.0, 11.0]], [655.1100000009408, [11.0, 11.0, 11.0, 11.0]], [679.1500000009189, [11.0, 11.0, 11.0, 11.0]], [703.190000000897, [11.0, 11.0, 11.0, 11.0]], [727.2300000008752, [11.0, 11.0, 11.0, 11.0]], [751.2700000008533, [11.0, 11.0, 11.0, 11.0]], [775.3100000008315, [11.0, 11.0, 11.0, 11.0]], [799.3500000008096, [11.0, 11.0, 11.0, 11.0]], [823.3900000007877, [11.0, 11.0, 11.0, 11.0]], [847.4300000007659, [11.0, 11.0, 11.0, 11.0]], [871.470000000744, [11.0, 11.0, 11.0, 11.0]], [895.5100000007221, [11.0, 11.0, 11.0, 11.0]]], "rebuff": 6.979999999541835}