{"solution": [[0, 0, 5, 5], [4, 5, 5, 5], [5, 5, 5, 5], [5, 5, 5, 5], [5, 5, 5, 5], [0, 0, 5, 5], [5, 5, 5, 5], [5, 5, 5, 5], [5, 5, 5, 5], [5, 5, 5, 5], [5, 5, 5, 5], [5, 5, 5, 5], [5, 5, 5, 5], [5, 5, 5, 5], [5, 5, 5, 5], [5, 5, 5, 5], [5, 5, 5, 5], [0, 0, 5, 5], [5, 5, 5, 5], [5, 5, 5, 5], [0, 0, 5, 5], [5, 5, 5, 5], [5, 5, 5, 5], [0, 5, 5, 5], [0, 0, 5, 5], [5, 5, 5, 5], [5, 5, 5, 5], [0, 0, 4, 5], [0, 0, 5, 5], [5, 5, 5, 5]], "time": [0, 12.029999999999788, 34.98000000000161, 59.01999999999683, 83.06000000000559, 107.10000000001789, 119.12000000002404, 143.16000000001478, 167.1999999999929, 191.23999999997105, 215.27999999994918, 239.31999999992732, 263.3599999999055, 287.3999999998836, 311.43999999986175, 335.4799999998399, 359.519999999818, 383.55999999979616, 395.57999999978523, 419.61999999976337, 443.6599999997415, 455.67999999973057, 479.7199999997087, 503.75999999968684, 521.7899999996705, 533.8099999996596, 557.8499999996377, 581.8899999996158, 592.8199999996059, 604.839999999595], "buffer": [0, 10, 20, 20, 20, 20, 10, 20, 20, 20, 20, 20, 20, 20, 20, 20, 20, 20, 10, 20, 20, 10, 20, 20, 15, 10, 20, 20, 10, 10], "reward": 0.5749260560258105, "final_time": 628.8799999995731, "playing_br": [[12.029999999999788, [0.0, 0.0, 11.0, 11.0]], [34.98000000000161, [9.0, 11.0, 11.0, 11.0]], [59.01999999999683, [11.0, 11.0, 11.0, 11.0]], [83.06000000000559, [11.0, 11.0, 11.0, 11.0]], [107.10000000001789, [11.0, 11.0, 11.0, 11.0]], [119.12000000002404, [0.0, 0.0, 11.0, 11.0]], [143.16000000001478, [11.0, 11.0, 11.0, 11.0]], [167.1999999999929, [11.0, 11.0, 11.0, 11.0]], [191.23999999997105, [11.0, 11.0, 11.0, 11.0]], [215.27999999994918, [11.0, 11.0, 11.0, 11.0]], [239.31999999992732, [11.0, 11.0, 11.0, 11.0]], [263.3599999999055, [11.0, 11.0, 11.0, 11.0]], [287.3999999998836, [11.0, 11.0, 11.0, 11.0]], [311.43999999986175, [11.0, 11.0, 11.0, 11.0]], [335.4799999998399, [11.0, 11.0, 11.0, 11.0]], [359.519999999818, [11.0, 11.0, 11.0, 11.0]], [383.55999999979616, [11.0, 11.0, 11.0, 11.0]], [395.57999999978523, [0.0, 0.0, 11.0, 11.0]], [419.61999999976337, [11.0, 11.0, 11.0, 11.0]], [443.6599999997415, [11.0, 11.0, 11.0, 11.0]], [455.67999999973057, [0.0, 0.0, 11.0, 11.0]], [479.7199999997087, [11.0, 11.0, 11.0, 11.0]], [503.75999999968684, [11.0, 11.0, 11.0, 11.0]], [521.7899999996705, [0.0, 11.0, 11.0, 11.0]], [533.8099999996596, [0.0, 0.0, 11.0, 11.0]], [557.8499999996377, [11.0, 11.0, 11.0, 11.0]], [581.8899999996158, [11.0, 11.0, 11.0, 11.0]], [592.8199999996059, [0.0, 0.0, 9.0, 11.0]], [604.839999999595, [0.0, 0.0, 11.0, 11.0]], [628.8799999995731, [11.0, 11.0, 11.0, 11.0]]], "rebuff": 20.0}