{"solution": [[5, 5, 5, 5], [0, 0, 4, 5], [0, 0, 4, 5], [5, 5, 5, 5], [5, 5, 5, 5], [5, 5, 5, 5], [5, 5, 5, 5], [5, 5, 5, 5], [5, 5, 5, 5], [0, 5, 5, 5], [0, 0, 5, 5], [0, 0, 5, 5], [5, 5, 5, 5], [5, 5, 5, 5], [0, 5, 5, 5], [5, 5, 5, 5], [5, 5, 5, 5], [0, 5, 5, 5], [5, 5, 5, 5], [5, 5, 5, 5], [0, 0, 0, 5], [0, 4, 5, 5], [5, 5, 5, 5], [0, 5, 5, 5], [5, 5, 5, 5], [0, 0, 5, 5], [5, 5, 5, 5], [5, 5, 5, 5], [0, 0, 0, 5], [5, 5, 5, 5]], "time": [0, 24.04000000000096, 34.97000000000161, 45.89999999999944, 69.93999999999888, 93.98000000001117, 118.02000000002347, 142.06000000001578, 166.0999999999939, 190.13999999997205, 208.16999999995565, 220.18999999994472, 232.20999999993379, 256.24999999991195, 280.2899999998901, 298.3199999998737, 322.3599999998518, 346.39999999982996, 364.42999999981356, 388.4699999997917, 412.50999999976983, 418.51999999976437, 435.45999999974896, 459.4999999997271, 477.5299999997107, 501.56999999968883, 513.589999999678, 537.6299999996561, 561.6699999996342, 567.6799999996288], "buffer": [0, 20, 10, 10, 20, 20, 20, 20, 20, 20, 15, 10, 10, 20, 20, 15, 20, 20, 15, 20, 20, 5, 15, 20, 15, 20, 10, 20, 20, 5], "reward": 0.29863802854466903, "final_time": 591.7199999996069, "playing_br": [[24.04000000000096, [11.0, 11.0, 11.0, 11.0]], [34.97000000000161, [0.0, 0.0, 9.0, 11.0]], [45.89999999999944, [0.0, 0.0, 9.0, 11.0]], [69.93999999999888, [11.0, 11.0, 11.0, 11.0]], [93.98000000001117, [11.0, 11.0, 11.0, 11.0]], [118.02000000002347, [11.0, 11.0, 11.0, 11.0]], [142.06000000001578, [11.0, 11.0, 11.0, 11.0]], [166.0999999999939, [11.0, 11.0, 11.0, 11.0]], [190.13999999997205, [11.0, 11.0, 11.0, 11.0]], [208.16999999995565, [0.0, 11.0, 11.0, 11.0]], [220.18999999994472, [0.0, 0.0, 11.0, 11.0]], [232.20999999993379, [0.0, 0.0, 11.0, 11.0]], [256.24999999991195, [11.0, 11.0, 11.0, 11.0]], [280.2899999998901, [11.0, 11.0, 11.0, 11.0]], [298.3199999998737, [0.0, 11.0, 11.0, 11.0]], [322.3599999998518, [11.0, 11.0, 11.0, 11.0]], [346.39999999982996, [11.0, 11.0, 11.0, 11.0]], [364.42999999981356, [0.0, 11.0, 11.0, 11.0]], [388.4699999997917, [11.0, 11.0, 11.0, 11.0]], [412.50999999976983, [11.0, 11.0, 11.0, 11.0]], [418.51999999976437, [0.0, 0.0, 0.0, 11.0]], [435.45999999974896, [0.0, 9.0, 11.0, 11.0]], [459.4999999997271, [11.0, 11.0, 11.0, 11.0]], [477.5299999997107, [0.0, 11.0, 11.0, 11.0]], [501.56999999968883, [11.0, 11.0, 11.0, 11.0]], [513.589999999678, [0.0, 0.0, 11.0, 11.0]], [537.6299999996561, [11.0, 11.0, 11.0, 11.0]], [561.6699999996342, [11.0, 11.0, 11.0, 11.0]], [567.6799999996288, [0.0, 0.0, 0.0, 11.0]], [591.7199999996069, [11.0, 11.0, 11.0, 11.0]]], "rebuff": 20.0}