{"solution": [[5, 5, 5, 5], [5, 5, 5, 5], [0, 5, 5, 5], [0, 0, 5, 5], [0, 5, 5, 5], [0, 0, 5, 5], [0, 5, 5, 5], [5, 5, 5, 5], [5, 5, 5, 5], [0, 0, 0, 5], [0, 0, 5, 5], [0, 5, 5, 5], [5, 5, 5, 5], [0, 5, 5, 5], [5, 5, 5, 5], [0, 5, 5, 5], [0, 0, 5, 5], [5, 5, 5, 5], [0, 0, 5, 5], [0, 0, 5, 5], [0, 4, 5, 5], [5, 5, 5, 5], [5, 5, 5, 5], [5, 5, 5, 5], [5, 5, 5, 5], [5, 5, 5, 5], [1, 5, 5, 5], [5, 5, 5, 5], [5, 5, 5, 5], [5, 5, 5, 5]], "time": [0, 24.04000000000096, 48.079999999999, 66.10999999999692, 78.13000000000306, 96.16000000001229, 108.18000000001844, 126.21000000002766, 150.25000000000833, 174.28999999998646, 180.299999999981, 192.31999999997007, 210.34999999995367, 234.3899999999318, 252.4199999999154, 276.45999999989357, 294.48999999987717, 306.50999999986624, 330.5499999998444, 342.56999999983344, 354.5899999998225, 371.5299999998071, 395.56999999978524, 419.6099999997634, 443.6499999997415, 467.68999999971965, 491.7299999996978, 510.3099999996809, 534.3499999996591, 558.3899999996372], "buffer": [0, 20.0, 20.0, 16.970000000002088, 14.949999999995939, 15.0, 12.97999999999385, 15.0, 20.0, 20.0, 18.990000000005466, 16.970000000016398, 15.0, 20.0, 16.970000000016398, 20.0, 16.970000000016398, 14.95000000002733, 20.0, 17.980000000010932, 15.960000000021864, 15.0, 20.0, 20.0, 20.0, 20.0, 20.0, 21.4200000000169, 20.0, 20.0], "reward": 0.6109333946205552, "final_time": 582.4299999996153, "playing_br": [[24.04000000000096, [11.0, 11.0, 11.0, 11.0]], [48.079999999999, [11.0, 11.0, 11.0, 11.0]], [66.10999999999692, [0.0, 11.0, 11.0, 11.0]], [78.13000000000306, [0.0, 0.0, 11.0, 11.0]], [96.16000000001229, [0.0, 11.0, 11.0, 11.0]], [108.18000000001844, [0.0, 0.0, 11.0, 11.0]], [126.21000000002766, [0.0, 11.0, 11.0, 11.0]], [150.25000000000833, [11.0, 11.0, 11.0, 11.0]], [174.28999999998646, [11.0, 11.0, 11.0, 11.0]], [180.299999999981, [0.0, 0.0, 0.0, 11.0]], [192.31999999997007, [0.0, 0.0, 11.0, 11.0]], [210.34999999995367, [0.0, 11.0, 11.0, 11.0]], [234.3899999999318, [11.0, 11.0, 11.0, 11.0]], [252.4199999999154, [0.0, 11.0, 11.0, 11.0]], [276.45999999989357, [11.0, 11.0, 11.0, 11.0]], [294.48999999987717, [0.0, 11.0, 11.0, 11.0]], [306.50999999986624, [0.0, 0.0, 11.0, 11.0]], [330.5499999998444, [11.0, 11.0, 11.0, 11.0]], [342.56999999983344, [0.0, 0.0, 11.0, 11.0]], [354.5899999998225, [0.0, 0.0, 11.0, 11.0]], [371.5299999998071, [0.0, 9.0, 11.0, 11.0]], [395.56999999978524, [11.0, 11.0, 11.0, 11.0]], [419.6099999997634, [11.0, 11.0, 11.0, 11.0]], [443.6499999997415, [11.0, 11.0, 11.0, 11.0]], [467.68999999971965, [11.0, 11.0, 11.0, 11.0]], [491.7299999996978, [11.0, 11.0, 11.0, 11.0]], [510.3099999996809, [1.0, 11.0, 11.0, 11.0]], [534.3499999996591, [11.0, 11.0, 11.0, 11.0]], [558.3899999996372, [11.0, 11.0, 11.0, 11.0]], [582.4299999996153, [11.0, 11.0, 11.0, 11.0]]], "rebuff": 20.0}