{"solution": [[0, 0, 0, 3], [5, 0, 0, 0], [5, 0, 0, 0], [5, 0, 0, 0], [5, 0, 0, 0], [5, 0, 0, 0], [5, 0, 0, 0], [5, 0, 0, 0], [5, 0, 0, 0], [5, 0, 0, 0], [5, 0, 0, 0], [5, 0, 0, 0], [5, 0, 0, 0], [5, 0, 0, 0], [5, 0, 0, 0], [0, 0, 0, 5], [5, 0, 0, 0], [5, 0, 0, 0], [5, 0, 0, 0], [5, 0, 0, 0]], "time": [0, 2.7399999999999856, 7.659999999999881, 12.579999999999776, 17.499999999999936, 22.420000000000705, 27.340000000001474, 32.26000000000215, 37.18000000000117, 42.10000000000019, 47.019999999999214, 51.939999999998236, 56.85999999999726, 61.77999999999628, 66.69999999999722, 71.61999999999973, 76.54000000000225, 81.46000000000477, 86.38000000000729, 91.3000000000098], "buffer": [0, 5, 10, 10, 10, 10, 10, 10, 10, 10, 10, 10, 10, 10, 10, 10, 10, 10, 10, 10], "reward": 0.42900554180194084, "final_time": 96.72000000001232, "playing_br": [[2.7399999999999856, [0.0, 0.0, 0.0, 5.0]], [7.659999999999881, [9.0, 0.0, 0.0, 0.0]], [12.579999999999776, [9.0, 0.0, 0.0, 0.0]], [17.499999999999936, [9.0, 0.0, 0.0, 0.0]], [22.420000000000705, [9.0, 0.0, 0.0, 0.0]], [27.340000000001474, [9.0, 0.0, 0.0, 0.0]], [32.26000000000215, [9.0, 0.0, 0.0, 0.0]], [37.18000000000117, [9.0, 0.0, 0.0, 0.0]], [42.10000000000019, [9.0, 0.0, 0.0, 0.0]], [47.019999999999214, [9.0, 0.0, 0.0, 0.0]], [51.939999999998236, [9.0, 0.0, 0.0, 0.0]], [56.85999999999726, [9.0, 0.0, 0.0, 0.0]], [61.77999999999628, [9.0, 0.0, 0.0, 0.0]], [66.69999999999722, [9.0, 0.0, 0.0, 0.0]], [71.61999999999973, [9.0, 0.0, 0.0, 0.0]], [76.54000000000225, [0.0, 0.0, 0.0, 9.0]], [81.46000000000477, [9.0, 0.0, 0.0, 0.0]], [86.38000000000729, [9.0, 0.0, 0.0, 0.0]], [91.3000000000098, [9.0, 0.0, 0.0, 0.0]], [96.22000000001232, [9.0, 0.0, 0.0, 0.0]]], "rebuff": 2.739999999999986}