{"solution": [[1, 1, 1, 1], [1, 1, 1, 0], [2, 2, 2, 0], [5, 5, 5, 0], [2, 2, 2, 0], [2, 2, 2, 0], [4, 4, 0, 0], [3, 3, 3, 0], [3, 3, 0, 0], [2, 2, 0, 0], [4, 4, 4, 0], [2, 2, 2, 0], [5, 5, 5, 0], [4, 4, 0, 0], [3, 3, 3, 0], [3, 3, 0, 0], [2, 2, 2, 0], [5, 5, 5, 0], [3, 3, 0, 0], [5, 5, 5, 0], [3, 3, 3, 0], [3, 3, 3, 0], [4, 4, 4, 0], [4, 4, 4, 0], [2, 2, 2, 0], [4, 4, 4, 0], [2, 2, 2, 0], [4, 4, 0, 0], [3, 3, 3, 0], [3, 3, 3, 0], [3, 3, 3, 0], [4, 4, 0, 0], [3, 3, 3, 0], [3, 3, 3, 0], [3, 3, 0, 0], [3, 3, 3, 0], [3, 3, 3, 0], [3, 3, 3, 0], [4, 4, 4, 0], [4, 4, 4, 0]], "time": [380, 382.189999999998, 383.8299999999965, 387.10999999999353, 395.3099999999861, 398.5899999999831, 401.8699999999801, 406.2499999999761, 411.16999999997165, 414.44999999996867, 416.6399999999667, 423.1999999999607, 426.4799999999577, 434.67999999995027, 439.0599999999463, 443.9799999999418, 447.2599999999388, 450.53999999993584, 458.7399999999284, 462.0199999999254, 470.21999999991795, 475.13999999991347, 480.059999999909, 486.61999999990303, 493.17999999989706, 496.4599999998941, 503.0199999998881, 506.29999999988513, 510.67999999988115, 515.5999999998767, 520.5199999998722, 525.4399999998677, 529.8199999998637, 534.7399999998593, 539.6599999998548, 542.9399999998518, 547.8599999998473, 552.7799999998429, 557.6999999998384, 564.2599999998324], "buffer": [0, 20, 35, 50, 30, 30, 45, 40, 40, 35, 45, 35, 50, 45, 40, 40, 35, 50, 40, 50, 40, 40, 45, 45, 30, 45, 30, 45, 40, 40, 40, 45, 40, 40, 40, 40, 40, 40, 45, 45], "reward": 0.35381971158228215, "final_time": 571.3199999998265, "playing_br": [[382.189999999998, [1.0, 1.0, 1.0, 1.0]], [383.8299999999965, [1.0, 1.0, 1.0, 0.0]], [387.10999999999353, [2.0, 2.0, 2.0, 0.0]], [395.3099999999861, [5.0, 5.0, 5.0, 0.0]], [398.5899999999831, [2.0, 2.0, 2.0, 0.0]], [401.8699999999801, [2.0, 2.0, 2.0, 0.0]], [406.2499999999761, [4.0, 4.0, 0.0, 0.0]], [411.16999999997165, [3.0, 3.0, 3.0, 0.0]], [414.44999999996867, [3.0, 3.0, 0.0, 0.0]], [416.6399999999667, [2.0, 2.0, 0.0, 0.0]], [423.1999999999607, [4.0, 4.0, 4.0, 0.0]], [426.4799999999577, [2.0, 2.0, 2.0, 0.0]], [434.67999999995027, [5.0, 5.0, 5.0, 0.0]], [439.0599999999463, [4.0, 4.0, 0.0, 0.0]], [443.9799999999418, [3.0, 3.0, 3.0, 0.0]], [447.2599999999388, [3.0, 3.0, 0.0, 0.0]], [450.53999999993584, [2.0, 2.0, 2.0, 0.0]], [458.7399999999284, [5.0, 5.0, 5.0, 0.0]], [462.0199999999254, [3.0, 3.0, 0.0, 0.0]], [470.21999999991795, [5.0, 5.0, 5.0, 0.0]], [475.13999999991347, [3.0, 3.0, 3.0, 0.0]], [480.059999999909, [3.0, 3.0, 3.0, 0.0]], [486.61999999990303, [4.0, 4.0, 4.0, 0.0]], [493.17999999989706, [4.0, 4.0, 4.0, 0.0]], [496.4599999998941, [2.0, 2.0, 2.0, 0.0]], [503.0199999998881, [4.0, 4.0, 4.0, 0.0]], [506.29999999988513, [2.0, 2.0, 2.0, 0.0]], [510.67999999988115, [4.0, 4.0, 0.0, 0.0]], [515.5999999998767, [3.0, 3.0, 3.0, 0.0]], [520.5199999998722, [3.0, 3.0, 3.0, 0.0]], [525.4399999998677, [3.0, 3.0, 3.0, 0.0]], [529.8199999998637, [4.0, 4.0, 0.0, 0.0]], [534.7399999998593, [3.0, 3.0, 3.0, 0.0]], [539.6599999998548, [3.0, 3.0, 3.0, 0.0]], [542.9399999998518, [3.0, 3.0, 0.0, 0.0]], [547.8599999998473, [3.0, 3.0, 3.0, 0.0]], [552.7799999998429, [3.0, 3.0, 3.0, 0.0]], [557.6999999998384, [3.0, 3.0, 3.0, 0.0]], [564.2599999998324, [4.0, 4.0, 4.0, 0.0]], [570.8199999998265, [4.0, 4.0, 4.0, 0.0]]], "rebuff": 382.189999999998}