{"solution": [[1, 1, 1, 1], [1, 1, 1, 0], [2, 2, 2, 0], [5, 5, 0, 0], [1, 1, 1, 0], [3, 3, 0, 0], [2, 2, 2, 0], [5, 5, 5, 0], [3, 3, 0, 0], [3, 3, 3, 0], [7, 7, 7, 0], [2, 2, 2, 0], [4, 4, 4, 0], [2, 2, 0, 0], [3, 3, 3, 3], [2, 2, 2, 0], [4, 4, 4, 0], [5, 5, 5, 0], [2, 2, 2, 0], [2, 2, 0, 0], [3, 3, 3, 0], [3, 3, 3, 0], [3, 3, 0, 0], [3, 3, 3, 0], [3, 3, 3, 0], [3, 3, 3, 0], [4, 4, 0, 0], [3, 3, 3, 0], [3, 3, 3, 0], [3, 3, 3, 0], [4, 4, 4, 0], [4, 4, 0, 0], [3, 3, 3, 0], [3, 3, 3, 0], [3, 3, 0, 0], [5, 5, 5, 0], [3, 3, 3, 0], [3, 3, 3, 0], [4, 4, 4, 0], [4, 4, 4, 0]], "time": [380, 382.189999999998, 383.8299999999965, 387.10999999999353, 392.57999999998856, 394.21999999998707, 397.4999999999841, 400.7799999999811, 408.97999999997364, 412.25999999997066, 417.1799999999662, 428.65999999995574, 431.93999999995276, 438.4999999999468, 440.6899999999448, 447.24999999993884, 450.52999999993585, 457.0899999999299, 465.28999999992243, 468.56999999991945, 470.75999999991745, 475.679999999913, 480.5999999999085, 483.8799999999055, 488.79999999990105, 493.7199999998966, 498.6399999998921, 503.0199999998881, 507.93999999988364, 512.8599999998792, 517.7799999998747, 524.3399999998687, 528.7199999998647, 533.6399999998603, 538.5599999998558, 541.8399999998528, 550.0399999998453, 554.9599999998409, 559.8799999998364, 566.4399999998304], "buffer": [0, 20, 35, 50, 25, 40, 35, 50, 40, 40, 55, 30, 45, 30, 40, 30, 45, 50, 30, 30, 40, 40, 40, 40, 40, 40, 45, 40, 40, 40, 45, 45, 40, 40, 40, 50, 40, 40, 45, 45], "reward": 0.34995799542135964, "final_time": 573.4999999998245, "playing_br": [[382.189999999998, [1.0, 1.0, 1.0, 1.0]], [383.8299999999965, [1.0, 1.0, 1.0, 0.0]], [387.10999999999353, [2.0, 2.0, 2.0, 0.0]], [392.57999999998856, [5.0, 5.0, 0.0, 0.0]], [394.21999999998707, [1.0, 1.0, 1.0, 0.0]], [397.4999999999841, [3.0, 3.0, 0.0, 0.0]], [400.7799999999811, [2.0, 2.0, 2.0, 0.0]], [408.97999999997364, [5.0, 5.0, 5.0, 0.0]], [412.25999999997066, [3.0, 3.0, 0.0, 0.0]], [417.1799999999662, [3.0, 3.0, 3.0, 0.0]], [428.65999999995574, [7.0, 7.0, 7.0, 0.0]], [431.93999999995276, [2.0, 2.0, 2.0, 0.0]], [438.4999999999468, [4.0, 4.0, 4.0, 0.0]], [440.6899999999448, [2.0, 2.0, 0.0, 0.0]], [447.24999999993884, [3.0, 3.0, 3.0, 3.0]], [450.52999999993585, [2.0, 2.0, 2.0, 0.0]], [457.0899999999299, [4.0, 4.0, 4.0, 0.0]], [465.28999999992243, [5.0, 5.0, 5.0, 0.0]], [468.56999999991945, [2.0, 2.0, 2.0, 0.0]], [470.75999999991745, [2.0, 2.0, 0.0, 0.0]], [475.679999999913, [3.0, 3.0, 3.0, 0.0]], [480.5999999999085, [3.0, 3.0, 3.0, 0.0]], [483.8799999999055, [3.0, 3.0, 0.0, 0.0]], [488.79999999990105, [3.0, 3.0, 3.0, 0.0]], [493.7199999998966, [3.0, 3.0, 3.0, 0.0]], [498.6399999998921, [3.0, 3.0, 3.0, 0.0]], [503.0199999998881, [4.0, 4.0, 0.0, 0.0]], [507.93999999988364, [3.0, 3.0, 3.0, 0.0]], [512.8599999998792, [3.0, 3.0, 3.0, 0.0]], [517.7799999998747, [3.0, 3.0, 3.0, 0.0]], [524.3399999998687, [4.0, 4.0, 4.0, 0.0]], [528.7199999998647, [4.0, 4.0, 0.0, 0.0]], [533.6399999998603, [3.0, 3.0, 3.0, 0.0]], [538.5599999998558, [3.0, 3.0, 3.0, 0.0]], [541.8399999998528, [3.0, 3.0, 0.0, 0.0]], [550.0399999998453, [5.0, 5.0, 5.0, 0.0]], [554.9599999998409, [3.0, 3.0, 3.0, 0.0]], [559.8799999998364, [3.0, 3.0, 3.0, 0.0]], [566.4399999998304, [4.0, 4.0, 4.0, 0.0]], [572.9999999998245, [4.0, 4.0, 4.0, 0.0]]], "rebuff": 382.189999999998}