{"solution": [[0, 0, 0, 9], [9, 0, 0, 0], [9, 0, 0, 0], [9, 0, 0, 0], [9, 0, 0, 0], [9, 0, 0, 0], [9, 0, 0, 0], [9, 0, 0, 0], [9, 0, 0, 0], [9, 0, 0, 0], [9, 0, 0, 0], [9, 0, 0, 0], [9, 0, 0, 0], [9, 0, 0, 0], [0, 0, 0, 9], [9, 0, 0, 0], [9, 0, 0, 0], [9, 0, 0, 0], [9, 0, 0, 0], [9, 0, 0, 0], [9, 0, 0, 0], [9, 0, 0, 0], [9, 0, 0, 0], [9, 0, 0, 0], [9, 0, 0, 0], [9, 0, 0, 0], [9, 0, 0, 0], [9, 0, 0, 0], [9, 0, 0, 0], [9, 0, 0, 0], [9, 0, 0, 0], [9, 0, 0, 0], [9, 0, 0, 0], [9, 0, 0, 0], [9, 0, 0, 0], [9, 0, 0, 0], [9, 0, 0, 0], [9, 0, 0, 0], [9, 0, 0, 0], [9, 0, 0, 0]], "time": [380, 384.9199999999955, 389.83999999999105, 394.7599999999866, 399.6799999999821, 404.5999999999776, 409.51999999997315, 414.4399999999687, 419.3599999999642, 424.2799999999597, 429.19999999995525, 434.1199999999508, 439.0399999999463, 443.95999999994183, 448.87999999993735, 453.7999999999329, 458.7199999999284, 463.63999999992393, 468.55999999991946, 473.479999999915, 478.3999999999105, 483.31999999990603, 488.23999999990156, 493.1599999998971, 498.0799999998926, 502.99999999988813, 507.91999999988366, 512.8399999998792, 517.7599999998747, 522.6799999998702, 527.5999999998658, 532.5199999998613, 537.4399999998568, 542.3599999998523, 547.2799999998479, 552.1999999998434, 557.1199999998389, 562.0399999998344, 566.95999999983, 571.8799999998255], "buffer": [0, 5, 10, 10, 10, 10, 10, 10, 10, 10, 10, 10, 10, 10, 10, 10, 10, 10, 10, 10, 10, 10, 10, 10, 10, 10, 10, 10, 10, 10, 10, 10, 10, 10, 10, 10, 10, 10, 10, 10], "reward": 0.14645293758668831, "final_time": 577.299999999821, "playing_br": [[384.9199999999955, [0.0, 0.0, 0.0, 9.0]], [389.83999999999105, [9.0, 0.0, 0.0, 0.0]], [394.7599999999866, [9.0, 0.0, 0.0, 0.0]], [399.6799999999821, [9.0, 0.0, 0.0, 0.0]], [404.5999999999776, [9.0, 0.0, 0.0, 0.0]], [409.51999999997315, [9.0, 0.0, 0.0, 0.0]], [414.4399999999687, [9.0, 0.0, 0.0, 0.0]], [419.3599999999642, [9.0, 0.0, 0.0, 0.0]], [424.2799999999597, [9.0, 0.0, 0.0, 0.0]], [429.19999999995525, [9.0, 0.0, 0.0, 0.0]], [434.1199999999508, [9.0, 0.0, 0.0, 0.0]], [439.0399999999463, [9.0, 0.0, 0.0, 0.0]], [443.95999999994183, [9.0, 0.0, 0.0, 0.0]], [448.87999999993735, [9.0, 0.0, 0.0, 0.0]], [453.7999999999329, [0.0, 0.0, 0.0, 9.0]], [458.7199999999284, [9.0, 0.0, 0.0, 0.0]], [463.63999999992393, [9.0, 0.0, 0.0, 0.0]], [468.55999999991946, [9.0, 0.0, 0.0, 0.0]], [473.479999999915, [9.0, 0.0, 0.0, 0.0]], [478.3999999999105, [9.0, 0.0, 0.0, 0.0]], [483.31999999990603, [9.0, 0.0, 0.0, 0.0]], [488.23999999990156, [9.0, 0.0, 0.0, 0.0]], [493.1599999998971, [9.0, 0.0, 0.0, 0.0]], [498.0799999998926, [9.0, 0.0, 0.0, 0.0]], [502.99999999988813, [9.0, 0.0, 0.0, 0.0]], [507.91999999988366, [9.0, 0.0, 0.0, 0.0]], [512.8399999998792, [9.0, 0.0, 0.0, 0.0]], [517.7599999998747, [9.0, 0.0, 0.0, 0.0]], [522.6799999998702, [9.0, 0.0, 0.0, 0.0]], [527.5999999998658, [9.0, 0.0, 0.0, 0.0]], [532.5199999998613, [9.0, 0.0, 0.0, 0.0]], [537.4399999998568, [9.0, 0.0, 0.0, 0.0]], [542.3599999998523, [9.0, 0.0, 0.0, 0.0]], [547.2799999998479, [9.0, 0.0, 0.0, 0.0]], [552.1999999998434, [9.0, 0.0, 0.0, 0.0]], [557.1199999998389, [9.0, 0.0, 0.0, 0.0]], [562.0399999998344, [9.0, 0.0, 0.0, 0.0]], [566.95999999983, [9.0, 0.0, 0.0, 0.0]], [571.8799999998255, [9.0, 0.0, 0.0, 0.0]], [576.799999999821, [9.0, 0.0, 0.0, 0.0]]], "rebuff": 384.9199999999955}