{"solution": [[0, 0, 4, 4], [4, 0, 0, 4], [4, 0, 0, 4], [4, 0, 0, 4], [4, 0, 0, 4], [4, 0, 0, 4], [4, 0, 0, 4], [4, 0, 0, 4], [4, 4, 0, 0], [4, 0, 0, 4], [4, 0, 0, 4], [4, 0, 0, 4], [4, 0, 0, 4], [4, 4, 0, 0], [0, 0, 4, 4], [4, 0, 0, 4], [4, 0, 0, 4], [4, 0, 0, 4], [4, 0, 0, 4], [4, 0, 0, 4], [4, 0, 0, 4], [4, 0, 0, 4], [4, 0, 0, 4], [4, 0, 0, 4], [4, 0, 0, 4], [4, 0, 0, 4], [4, 0, 0, 4], [4, 0, 0, 4], [4, 0, 0, 4], [4, 0, 0, 4], [4, 0, 0, 4], [4, 0, 0, 4], [4, 0, 0, 4], [4, 0, 0, 4], [4, 0, 0, 4], [4, 0, 0, 4], [4, 0, 0, 4], [4, 0, 0, 4], [4, 0, 0, 4], [4, 0, 0, 4]], "time": [380, 384.379999999996, 388.75999999999203, 393.13999999998805, 397.51999999998407, 401.8999999999801, 406.2799999999761, 410.6599999999721, 415.03999999996813, 419.41999999996415, 423.79999999996016, 428.1799999999562, 432.5599999999522, 436.9399999999482, 441.31999999994423, 445.69999999994025, 450.07999999993626, 454.4599999999323, 458.8399999999283, 463.2199999999243, 467.5999999999203, 471.97999999991634, 476.35999999991236, 480.7399999999084, 485.1199999999044, 489.4999999999004, 493.8799999998964, 498.25999999989244, 502.63999999988846, 507.0199999998845, 511.3999999998805, 515.7799999998765, 520.1599999998725, 524.5399999998685, 528.9199999998646, 533.2999999998606, 537.6799999998566, 542.0599999998526, 546.4399999998486, 550.8199999998446], "buffer": [0, 10, 20, 20, 20, 20, 20, 20, 20, 20, 30, 30, 30, 30, 30, 30, 30, 30, 40, 40, 40, 40, 40, 40, 40, 40, 50, 50, 50, 50, 50, 50, 50, 50, 60, 60, 60, 60, 60, 60], "reward": 0.19530337811442056, "final_time": 555.6999999998407, "playing_br": [[384.379999999996, [0.0, 0.0, 4.0, 4.0]], [388.75999999999203, [4.0, 0.0, 0.0, 4.0]], [393.13999999998805, [4.0, 0.0, 0.0, 4.0]], [397.51999999998407, [4.0, 0.0, 0.0, 4.0]], [401.8999999999801, [4.0, 0.0, 0.0, 4.0]], [406.2799999999761, [4.0, 0.0, 0.0, 4.0]], [410.6599999999721, [4.0, 0.0, 0.0, 4.0]], [415.03999999996813, [4.0, 0.0, 0.0, 4.0]], [419.41999999996415, [4.0, 4.0, 0.0, 0.0]], [423.79999999996016, [4.0, 0.0, 0.0, 4.0]], [428.1799999999562, [4.0, 0.0, 0.0, 4.0]], [432.5599999999522, [4.0, 0.0, 0.0, 4.0]], [436.9399999999482, [4.0, 0.0, 0.0, 4.0]], [441.31999999994423, [4.0, 4.0, 0.0, 0.0]], [445.69999999994025, [0.0, 0.0, 4.0, 4.0]], [450.07999999993626, [4.0, 0.0, 0.0, 4.0]], [454.4599999999323, [4.0, 0.0, 0.0, 4.0]], [458.8399999999283, [4.0, 0.0, 0.0, 4.0]], [463.2199999999243, [4.0, 0.0, 0.0, 4.0]], [467.5999999999203, [4.0, 0.0, 0.0, 4.0]], [471.97999999991634, [4.0, 0.0, 0.0, 4.0]], [476.35999999991236, [4.0, 0.0, 0.0, 4.0]], [480.7399999999084, [4.0, 0.0, 0.0, 4.0]], [485.1199999999044, [4.0, 0.0, 0.0, 4.0]], [489.4999999999004, [4.0, 0.0, 0.0, 4.0]], [493.8799999998964, [4.0, 0.0, 0.0, 4.0]], [498.25999999989244, [4.0, 0.0, 0.0, 4.0]], [502.63999999988846, [4.0, 0.0, 0.0, 4.0]], [507.0199999998845, [4.0, 0.0, 0.0, 4.0]], [511.3999999998805, [4.0, 0.0, 0.0, 4.0]], [515.7799999998765, [4.0, 0.0, 0.0, 4.0]], [520.1599999998725, [4.0, 0.0, 0.0, 4.0]], [524.5399999998685, [4.0, 0.0, 0.0, 4.0]], [528.9199999998646, [4.0, 0.0, 0.0, 4.0]], [533.2999999998606, [4.0, 0.0, 0.0, 4.0]], [537.6799999998566, [4.0, 0.0, 0.0, 4.0]], [542.0599999998526, [4.0, 0.0, 0.0, 4.0]], [546.4399999998486, [4.0, 0.0, 0.0, 4.0]], [550.8199999998446, [4.0, 0.0, 0.0, 4.0]], [555.1999999998407, [4.0, 0.0, 0.0, 4.0]]], "rebuff": 384.379999999996}