{"solution": [[2, 2, 2, 2], [2, 2, 2, 2], [2, 2, 2, 2], [2, 2, 2, 2], [2, 2, 2, 2], [2, 2, 2, 2], [2, 2, 2, 2], [2, 2, 2, 2], [2, 2, 2, 2], [2, 2, 2, 2], [2, 2, 2, 2], [2, 2, 2, 2], [2, 2, 2, 2], [2, 2, 2, 2], [2, 2, 2, 2], [2, 2, 2, 2], [2, 2, 2, 2], [2, 2, 2, 2], [2, 2, 2, 2], [2, 2, 2, 2], [2, 2, 2, 2], [2, 2, 2, 2], [2, 2, 2, 2], [2, 2, 2, 2], [2, 2, 2, 2], [2, 2, 2, 2], [0, 0, 0, 0], [0, 0, 0, 0], [2, 2, 2, 2], [0, 0, 0, 0], [2, 2, 2, 2], [0, 0, 0, 0], [2, 2, 2, 2], [0, 0, 0, 0], [2, 2, 2, 2], [0, 0, 0, 0], [2, 2, 2, 2], [0, 0, 0, 0], [0, 0, 0, 0], [2, 2, 2, 2], [0, 0, 0, 0], [2, 2, 2, 2], [0, 0, 0, 0], [2, 2, 2, 2], [0, 0, 0, 0], [2, 2, 2, 2], [0, 0, 0, 0], [0, 0, 0, 0], [2, 2, 2, 2], [0, 0, 0, 0], [2, 2, 2, 2], [0, 0, 0, 0], [2, 2, 2, 2], [0, 0, 0, 0], [2, 2, 2, 2], [0, 0, 0, 0], [0, 0, 0, 0], [2, 2, 2, 2]], "time": [380, 384.379999999996, 388.75999999999203, 393.13999999998805, 397.51999999998407, 401.8999999999801, 406.2799999999761, 410.6599999999721, 415.03999999996813, 419.41999999996415, 423.79999999996016, 428.1799999999562, 432.5599999999522, 436.9399999999482, 441.31999999994423, 445.69999999994025, 450.07999999993626, 454.4599999999323, 458.8399999999283, 463.2199999999243, 467.5999999999203, 471.97999999991634, 476.35999999991236, 480.7399999999084, 485.1199999999044, 489.4999999999004, 493.8799999998964, 494.3799999998964, 494.8799999998964, 499.25999999989244, 499.75999999989244, 504.13999999988846, 504.63999999988846, 509.0199999998845, 509.5199999998845, 513.8999999998805, 514.3999999998805, 518.7799999998765, 519.2799999998765, 519.7799999998765, 524.1599999998725, 524.6599999998725, 529.0399999998685, 529.5399999998685, 533.9199999998646, 534.4199999998646, 538.7999999998606, 539.2999999998606, 539.7999999998606, 544.1799999998566, 544.6799999998566, 549.0599999998526, 549.5599999998526, 553.9399999998486, 554.4399999998486, 558.8199999998446, 559.3199999998446, 559.8199999998446], "buffer": [0, 20, 40, 40, 40, 40, 40, 40, 40, 40, 60, 60, 60, 60, 60, 60, 60, 60, 80, 80, 80, 80, 80, 80, 80, 80, 100, 100, 80, 100, 80, 100, 80, 100, 80, 100, 80, 100, 100, 80, 100, 80, 100, 80, 100, 80, 100, 100, 80, 100, 80, 100, 80, 100, 80, 100, 100, 80], "reward": 0.40326879267303367, "final_time": 564.6999999998407, "playing_br": [[384.379999999996, [2.0, 2.0, 2.0, 2.0]], [388.75999999999203, [2.0, 2.0, 2.0, 2.0]], [393.13999999998805, [2.0, 2.0, 2.0, 2.0]], [397.51999999998407, [2.0, 2.0, 2.0, 2.0]], [401.8999999999801, [2.0, 2.0, 2.0, 2.0]], [406.2799999999761, [2.0, 2.0, 2.0, 2.0]], [410.6599999999721, [2.0, 2.0, 2.0, 2.0]], [415.03999999996813, [2.0, 2.0, 2.0, 2.0]], [419.41999999996415, [2.0, 2.0, 2.0, 2.0]], [423.79999999996016, [2.0, 2.0, 2.0, 2.0]], [428.1799999999562, [2.0, 2.0, 2.0, 2.0]], [432.5599999999522, [2.0, 2.0, 2.0, 2.0]], [436.9399999999482, [2.0, 2.0, 2.0, 2.0]], [441.31999999994423, [2.0, 2.0, 2.0, 2.0]], [445.69999999994025, [2.0, 2.0, 2.0, 2.0]], [450.07999999993626, [2.0, 2.0, 2.0, 2.0]], [454.4599999999323, [2.0, 2.0, 2.0, 2.0]], [458.8399999999283, [2.0, 2.0, 2.0, 2.0]], [463.2199999999243, [2.0, 2.0, 2.0, 2.0]], [467.5999999999203, [2.0, 2.0, 2.0, 2.0]], [471.97999999991634, [2.0, 2.0, 2.0, 2.0]], [476.35999999991236, [2.0, 2.0, 2.0, 2.0]], [480.7399999999084, [2.0, 2.0, 2.0, 2.0]], [485.1199999999044, [2.0, 2.0, 2.0, 2.0]], [489.4999999999004, [2.0, 2.0, 2.0, 2.0]], [493.8799999998964, [2.0, 2.0, 2.0, 2.0]], [499.25999999989244, [2.0, 2.0, 2.0, 2.0]], [504.13999999988846, [2.0, 2.0, 2.0, 2.0]], [509.0199999998845, [2.0, 2.0, 2.0, 2.0]], [513.8999999998805, [2.0, 2.0, 2.0, 2.0]], [518.7799999998765, [2.0, 2.0, 2.0, 2.0]], [524.1599999998725, [2.0, 2.0, 2.0, 2.0]], [529.0399999998685, [2.0, 2.0, 2.0, 2.0]], [533.9199999998646, [2.0, 2.0, 2.0, 2.0]], [538.7999999998606, [2.0, 2.0, 2.0, 2.0]], [544.1799999998566, [2.0, 2.0, 2.0, 2.0]], [549.0599999998526, [2.0, 2.0, 2.0, 2.0]], [553.9399999998486, [2.0, 2.0, 2.0, 2.0]], [558.8199999998446, [2.0, 2.0, 2.0, 2.0]], [564.1999999998407, [2.0, 2.0, 2.0, 2.0]]], "rebuff": 384.379999999996}