{"solution": [[1, 1, 1, 1], [1, 1, 1, 0], [2, 2, 2, 0], [5, 5, 5, 0], [2, 2, 2, 0], [2, 2, 2, 0], [4, 4, 0, 0], [3, 3, 3, 0], [3, 3, 0, 0], [2, 2, 0, 0], [4, 4, 4, 0], [2, 2, 2, 2], [4, 4, 4, 0], [5, 5, 0, 0], [4, 4, 0, 0], [2, 2, 2, 2], [3, 3, 3, 3], [5, 5, 5, 0], [2, 2, 2, 0], [5, 5, 5, 0], [2, 2, 0, 0], [3, 3, 3, 0], [3, 3, 3, 0], [3, 3, 3, 0], [4, 4, 4, 0], [2, 2, 2, 0], [4, 4, 0, 0], [3, 3, 3, 0], [3, 3, 3, 0], [3, 3, 3, 0], [4, 4, 4, 0], [4, 4, 0, 0], [3, 3, 3, 0], [3, 3, 3, 0], [3, 3, 0, 0], [3, 3, 3, 0], [3, 3, 3, 0], [3, 3, 3, 0], [4, 4, 4, 0], [4, 4, 4, 0]], "time": [380, 382.189999999998, 383.8299999999965, 387.10999999999353, 395.3099999999861, 398.5899999999831, 401.8699999999801, 406.2499999999761, 411.16999999997165, 414.44999999996867, 416.6399999999667, 423.1999999999607, 427.5799999999567, 434.13999999995076, 439.6099999999458, 443.9899999999418, 448.3699999999378, 454.92999999993185, 463.1299999999244, 466.4099999999214, 474.60999999991395, 476.79999999991196, 481.7199999999075, 486.639999999903, 491.55999999989854, 498.11999999989257, 501.3999999998896, 505.7799999998856, 510.69999999988113, 515.6199999998767, 520.5399999998722, 527.0999999998662, 531.4799999998622, 536.3999999998578, 541.3199999998533, 544.5999999998503, 549.5199999998458, 554.4399999998413, 559.3599999998369, 565.9199999998309], "buffer": [0, 20, 35, 50, 30, 30, 45, 40, 40, 35, 45, 35, 45, 50, 45, 35, 40, 50, 35, 50, 30, 40, 40, 40, 45, 30, 45, 40, 40, 40, 45, 45, 40, 40, 40, 40, 40, 40, 45, 45], "reward": 0.3547085673273722, "final_time": 572.9799999998249, "playing_br": [[382.189999999998, [1.0, 1.0, 1.0, 1.0]], [383.8299999999965, [1.0, 1.0, 1.0, 0.0]], [387.10999999999353, [2.0, 2.0, 2.0, 0.0]], [395.3099999999861, [5.0, 5.0, 5.0, 0.0]], [398.5899999999831, [2.0, 2.0, 2.0, 0.0]], [401.8699999999801, [2.0, 2.0, 2.0, 0.0]], [406.2499999999761, [4.0, 4.0, 0.0, 0.0]], [411.16999999997165, [3.0, 3.0, 3.0, 0.0]], [414.44999999996867, [3.0, 3.0, 0.0, 0.0]], [416.6399999999667, [2.0, 2.0, 0.0, 0.0]], [423.1999999999607, [4.0, 4.0, 4.0, 0.0]], [427.5799999999567, [2.0, 2.0, 2.0, 2.0]], [434.13999999995076, [4.0, 4.0, 4.0, 0.0]], [439.6099999999458, [5.0, 5.0, 0.0, 0.0]], [443.9899999999418, [4.0, 4.0, 0.0, 0.0]], [448.3699999999378, [2.0, 2.0, 2.0, 2.0]], [454.92999999993185, [3.0, 3.0, 3.0, 3.0]], [463.1299999999244, [5.0, 5.0, 5.0, 0.0]], [466.4099999999214, [2.0, 2.0, 2.0, 0.0]], [474.60999999991395, [5.0, 5.0, 5.0, 0.0]], [476.79999999991196, [2.0, 2.0, 0.0, 0.0]], [481.7199999999075, [3.0, 3.0, 3.0, 0.0]], [486.639999999903, [3.0, 3.0, 3.0, 0.0]], [491.55999999989854, [3.0, 3.0, 3.0, 0.0]], [498.11999999989257, [4.0, 4.0, 4.0, 0.0]], [501.3999999998896, [2.0, 2.0, 2.0, 0.0]], [505.7799999998856, [4.0, 4.0, 0.0, 0.0]], [510.69999999988113, [3.0, 3.0, 3.0, 0.0]], [515.6199999998767, [3.0, 3.0, 3.0, 0.0]], [520.5399999998722, [3.0, 3.0, 3.0, 0.0]], [527.0999999998662, [4.0, 4.0, 4.0, 0.0]], [531.4799999998622, [4.0, 4.0, 0.0, 0.0]], [536.3999999998578, [3.0, 3.0, 3.0, 0.0]], [541.3199999998533, [3.0, 3.0, 3.0, 0.0]], [544.5999999998503, [3.0, 3.0, 0.0, 0.0]], [549.5199999998458, [3.0, 3.0, 3.0, 0.0]], [554.4399999998413, [3.0, 3.0, 3.0, 0.0]], [559.3599999998369, [3.0, 3.0, 3.0, 0.0]], [565.9199999998309, [4.0, 4.0, 4.0, 0.0]], [572.4799999998249, [4.0, 4.0, 4.0, 0.0]]], "rebuff": 382.189999999998}