{"solution": [[1, 1, 1, 1], [5, 5, 5, 5], [0, 0, 0, 0], [1, 1, 0, 0], [1, 1, 1, 0], [1, 1, 0, 0], [1, 1, 1, 0], [1, 1, 1, 0], [1, 1, 0, 0], [1, 1, 0, 0], [1, 1, 0, 0], [1, 1, 1, 0], [1, 1, 1, 1], [5, 5, 5, 5], [5, 5, 5, 5], [5, 5, 5, 5], [5, 5, 5, 5], [5, 5, 5, 5], [5, 5, 5, 5], [5, 5, 5, 5], [5, 5, 5, 5], [5, 5, 5, 5], [5, 5, 5, 5], [5, 5, 5, 5], [5, 5, 5, 5], [5, 5, 5, 5], [5, 5, 5, 5], [5, 5, 5, 5], [5, 5, 5, 5], [5, 5, 5, 5], [5, 5, 5, 5]], "time": [0, 2.1899999999999973, 26.2300000000013, 26.7300000000013, 27.830000000001473, 29.590000000001044, 40.25000000000044, 64.27000000000017, 101.64999999999905, 147.9299999999974, 203.10999999999672, 267.18999999999704, 344.62999999999886, 439.88000000000267, 531.0900000000283, 618.2600000000759, 701.3900000001454, 780.4800000002367, 855.5300000003499, 926.540000000485, 993.5100000006419, 1056.4400000008206, 1115.3300000010213, 1170.1800000012438, 1220.9900000014882, 1267.7600000017544, 1310.4900000020425, 1349.1800000023525, 1383.8300000026843, 1414.440000003038, 1441.0100000034136], "buffer": [0, 20.0, 20.0, 19.5, 28.399999999999828, 41.75999999999957, 50.6599999999994, 64.01999999999973, 77.37999999999889, 86.27999999999832, 95.17999999999932, 104.08000000000033, 117.44000000000182, 135.2500000000038, 131.21000000002567, 127.17000000004754, 123.1300000000694, 119.09000000009127, 115.05000000011313, 111.010000000135, 106.97000000015686, 102.93000000017872, 98.89000000020059, 94.85000000022245, 90.81000000024432, 86.77000000026618, 82.73000000028804, 78.69000000030991, 74.65000000033177, 70.61000000035364, 66.5700000003755], "reward": 0.2357886187317863, "final_time": 1465.5500000033917, "playing_br": [[2.1899999999999973, [1.0, 1.0, 1.0, 1.0]], [26.2300000000013, [11.0, 11.0, 11.0, 11.0]], [27.830000000001473, [1.0, 1.0, 0.0, 0.0]], [29.47000000000173, [1.0, 1.0, 1.0, 0.0]], [30.690000000001216, [1.0, 1.0, 0.0, 0.0]], [41.890000000000114, [1.0, 1.0, 1.0, 0.0]], [65.910000000001, [1.0, 1.0, 1.0, 0.0]], [102.74999999999962, [1.0, 1.0, 0.0, 0.0]], [149.0299999999964, [1.0, 1.0, 0.0, 0.0]], [204.20999999999572, [1.0, 1.0, 0.0, 0.0]], [268.82999999999555, [1.0, 1.0, 1.0, 0.0]], [346.81999999999687, [1.0, 1.0, 1.0, 1.0]], [463.9199999999808, [11.0, 11.0, 11.0, 11.0]], [555.1300000000065, [11.0, 11.0, 11.0, 11.0]], [642.3000000000541, [11.0, 11.0, 11.0, 11.0]], [725.4300000001235, [11.0, 11.0, 11.0, 11.0]], [804.5200000002148, [11.0, 11.0, 11.0, 11.0]], [879.570000000328, [11.0, 11.0, 11.0, 11.0]], [950.5800000004631, [11.0, 11.0, 11.0, 11.0]], [1017.55000000062, [11.0, 11.0, 11.0, 11.0]], [1080.4800000007988, [11.0, 11.0, 11.0, 11.0]], [1139.3700000009994, [11.0, 11.0, 11.0, 11.0]], [1194.220000001222, [11.0, 11.0, 11.0, 11.0]], [1245.0300000014663, [11.0, 11.0, 11.0, 11.0]], [1291.8000000017325, [11.0, 11.0, 11.0, 11.0]], [1334.5300000020206, [11.0, 11.0, 11.0, 11.0]], [1373.2200000023306, [11.0, 11.0, 11.0, 11.0]], [1407.8700000026624, [11.0, 11.0, 11.0, 11.0]], [1438.4800000030161, [11.0, 11.0, 11.0, 11.0]], [1465.0500000033917, [11.0, 11.0, 11.0, 11.0]]], "rebuff": 6.230000000001301}