{"solution": [[5, 5, 5, 5], [5, 5, 5, 5], [0, 0, 5, 5], [0, 5, 5, 5], [5, 5, 5, 5], [5, 5, 5, 5], [5, 5, 5, 5], [5, 5, 5, 5], [5, 5, 5, 5], [5, 5, 5, 5], [5, 5, 5, 5], [5, 5, 5, 5], [5, 5, 5, 5], [0, 0, 5, 5], [0, 5, 5, 5], [5, 5, 5, 5], [0, 5, 5, 5], [5, 5, 5, 5], [5, 5, 5, 5], [5, 5, 5, 5], [5, 5, 5, 5], [2, 5, 5, 5], [5, 5, 5, 5], [5, 5, 5, 5], [0, 0, 4, 5], [5, 5, 5, 5], [0, 0, 3, 5], [5, 5, 5, 5], [0, 5, 5, 5], [1, 5, 5, 5]], "time": [0, 24.04000000000096, 48.079999999999, 60.09999999999661, 78.13000000000306, 102.17000000001536, 126.21000000002766, 150.25000000000833, 174.28999999998646, 198.3299999999646, 222.36999999994273, 246.40999999992087, 270.44999999989903, 294.48999999987717, 306.50999999986624, 324.53999999984984, 348.579999999828, 366.6099999998116, 390.6499999997897, 414.68999999976785, 438.729999999746, 462.7699999997241, 483.52999999970524, 507.5699999996834, 531.6099999996616, 542.5399999996516, 566.5799999996298, 576.4199999996208, 600.459999999599, 618.4899999995826], "buffer": [0, 20, 20, 10, 15, 20, 20, 20, 20, 20, 20, 20, 20, 20, 10, 15, 20, 15, 20, 20, 20, 20, 20, 20, 20, 10, 20, 10, 20, 15], "reward": 0.56891252427142, "final_time": 637.0699999995657, "playing_br": [[24.04000000000096, [11.0, 11.0, 11.0, 11.0]], [48.079999999999, [11.0, 11.0, 11.0, 11.0]], [60.09999999999661, [0.0, 0.0, 11.0, 11.0]], [78.13000000000306, [0.0, 11.0, 11.0, 11.0]], [102.17000000001536, [11.0, 11.0, 11.0, 11.0]], [126.21000000002766, [11.0, 11.0, 11.0, 11.0]], [150.25000000000833, [11.0, 11.0, 11.0, 11.0]], [174.28999999998646, [11.0, 11.0, 11.0, 11.0]], [198.3299999999646, [11.0, 11.0, 11.0, 11.0]], [222.36999999994273, [11.0, 11.0, 11.0, 11.0]], [246.40999999992087, [11.0, 11.0, 11.0, 11.0]], [270.44999999989903, [11.0, 11.0, 11.0, 11.0]], [294.48999999987717, [11.0, 11.0, 11.0, 11.0]], [306.50999999986624, [0.0, 0.0, 11.0, 11.0]], [324.53999999984984, [0.0, 11.0, 11.0, 11.0]], [348.579999999828, [11.0, 11.0, 11.0, 11.0]], [366.6099999998116, [0.0, 11.0, 11.0, 11.0]], [390.6499999997897, [11.0, 11.0, 11.0, 11.0]], [414.68999999976785, [11.0, 11.0, 11.0, 11.0]], [438.729999999746, [11.0, 11.0, 11.0, 11.0]], [462.7699999997241, [11.0, 11.0, 11.0, 11.0]], [483.52999999970524, [5.0, 11.0, 11.0, 11.0]], [507.5699999996834, [11.0, 11.0, 11.0, 11.0]], [531.6099999996616, [11.0, 11.0, 11.0, 11.0]], [542.5399999996516, [0.0, 0.0, 9.0, 11.0]], [566.5799999996298, [11.0, 11.0, 11.0, 11.0]], [576.4199999996208, [0.0, 0.0, 7.0, 11.0]], [600.459999999599, [11.0, 11.0, 11.0, 11.0]], [618.4899999995826, [0.0, 11.0, 11.0, 11.0]], [637.0699999995657, [1.0, 11.0, 11.0, 11.0]]], "rebuff": 20.0}