{"solution": [[5, 5, 5, 5], [0, 0, 0, 5], [5, 5, 5, 5], [0, 5, 5, 5], [0, 0, 0, 5], [5, 5, 5, 5], [5, 5, 5, 5], [5, 5, 5, 5], [5, 5, 5, 5], [5, 5, 5, 5], [5, 5, 5, 5], [0, 0, 5, 5], [0, 4, 5, 5], [4, 5, 5, 5], [5, 5, 5, 5], [1, 5, 5, 5], [5, 5, 5, 5], [5, 5, 5, 5], [5, 5, 5, 5], [0, 0, 5, 5], [5, 5, 5, 5], [5, 5, 5, 5], [0, 5, 5, 5], [5, 5, 5, 5], [0, 4, 5, 5], [5, 5, 5, 5], [5, 5, 5, 5], [0, 5, 5, 5], [5, 5, 5, 5], [4, 5, 5, 5]], "time": [0, 24.04000000000096, 30.050000000001898, 54.08999999999781, 72.11999999999999, 78.13000000000306, 102.17000000001536, 126.21000000002766, 150.25000000000833, 174.28999999998646, 198.3299999999646, 222.36999999994273, 234.3899999999318, 251.3299999999164, 274.27999999989555, 298.3199999998737, 316.8999999998568, 340.9399999998349, 364.97999999981306, 389.0199999997912, 401.03999999978026, 425.0799999997584, 449.11999999973654, 467.14999999972014, 491.1899999996983, 508.12999999968287, 532.1699999996611, 556.2099999996392, 574.2399999996228, 598.2799999996009], "buffer": [0, 20, 5, 20, 15, 5, 20, 20, 20, 20, 20, 20, 10, 15, 20, 20, 20, 20, 20, 20, 10, 20, 20, 15, 20, 15, 20, 20, 15, 20], "reward": 0.3062165334649425, "final_time": 621.2299999995801, "playing_br": [[24.04000000000096, [11.0, 11.0, 11.0, 11.0]], [30.050000000001898, [0.0, 0.0, 0.0, 11.0]], [54.08999999999781, [11.0, 11.0, 11.0, 11.0]], [72.11999999999999, [0.0, 11.0, 11.0, 11.0]], [78.13000000000306, [0.0, 0.0, 0.0, 11.0]], [102.17000000001536, [11.0, 11.0, 11.0, 11.0]], [126.21000000002766, [11.0, 11.0, 11.0, 11.0]], [150.25000000000833, [11.0, 11.0, 11.0, 11.0]], [174.28999999998646, [11.0, 11.0, 11.0, 11.0]], [198.3299999999646, [11.0, 11.0, 11.0, 11.0]], [222.36999999994273, [11.0, 11.0, 11.0, 11.0]], [234.3899999999318, [0.0, 0.0, 11.0, 11.0]], [251.3299999999164, [0.0, 9.0, 11.0, 11.0]], [274.27999999989555, [9.0, 11.0, 11.0, 11.0]], [298.3199999998737, [11.0, 11.0, 11.0, 11.0]], [316.8999999998568, [1.0, 11.0, 11.0, 11.0]], [340.9399999998349, [11.0, 11.0, 11.0, 11.0]], [364.97999999981306, [11.0, 11.0, 11.0, 11.0]], [389.0199999997912, [11.0, 11.0, 11.0, 11.0]], [401.03999999978026, [0.0, 0.0, 11.0, 11.0]], [425.0799999997584, [11.0, 11.0, 11.0, 11.0]], [449.11999999973654, [11.0, 11.0, 11.0, 11.0]], [467.14999999972014, [0.0, 11.0, 11.0, 11.0]], [491.1899999996983, [11.0, 11.0, 11.0, 11.0]], [508.12999999968287, [0.0, 9.0, 11.0, 11.0]], [532.1699999996611, [11.0, 11.0, 11.0, 11.0]], [556.2099999996392, [11.0, 11.0, 11.0, 11.0]], [574.2399999996228, [0.0, 11.0, 11.0, 11.0]], [598.2799999996009, [11.0, 11.0, 11.0, 11.0]], [621.2299999995801, [9.0, 11.0, 11.0, 11.0]]], "rebuff": 20.0}