{"solution": [[0, 5, 5, 5], [0, 5, 5, 5], [0, 0, 5, 5], [5, 5, 5, 5], [5, 5, 5, 5], [5, 5, 5, 5], [0, 5, 5, 5], [0, 4, 5, 5], [5, 5, 5, 5], [5, 5, 5, 5], [0, 0, 5, 5], [5, 5, 5, 5], [5, 5, 5, 5], [5, 5, 5, 5], [5, 5, 5, 5], [5, 5, 5, 5], [5, 5, 5, 5], [0, 0, 5, 5], [5, 5, 5, 5], [5, 5, 5, 5], [5, 5, 5, 5], [5, 5, 5, 5], [1, 5, 5, 5], [5, 5, 5, 5], [5, 5, 5, 5], [5, 5, 5, 5], [5, 5, 5, 5], [5, 5, 5, 5], [5, 5, 5, 5], [5, 5, 5, 5]], "time": [0, 18.03000000000002, 36.060000000001395, 48.079999999999, 72.11999999999999, 96.16000000001229, 120.20000000002459, 138.23000000001926, 155.17000000000385, 179.209999999982, 203.24999999996012, 215.2699999999492, 239.30999999992733, 263.3499999999055, 287.3899999998836, 311.42999999986176, 335.4699999998399, 359.50999999981804, 371.5299999998071, 395.56999999978524, 419.6099999997634, 443.6499999997415, 467.68999999971965, 486.26999999970275, 510.3099999996809, 534.3499999996591, 558.3899999996372, 582.4299999996153, 606.4699999995935, 630.5099999995716], "buffer": [0, 15.0, 15.0, 12.980000000002391, 20.0, 20.0, 20.0, 16.970000000005328, 15.030000000020735, 20.0, 20.0, 17.980000000010932, 20.0, 20.0, 20.0, 20.0, 20.0, 20.0, 17.980000000010932, 20.0, 20.0, 20.0, 20.0, 21.4200000000169, 20.0, 20.0, 20.0, 20.0, 20.0, 20.0], "reward": 0.5565157982087876, "final_time": 654.5499999995498, "playing_br": [[18.03000000000002, [0.0, 11.0, 11.0, 11.0]], [36.060000000001395, [0.0, 11.0, 11.0, 11.0]], [48.079999999999, [0.0, 0.0, 11.0, 11.0]], [72.11999999999999, [11.0, 11.0, 11.0, 11.0]], [96.16000000001229, [11.0, 11.0, 11.0, 11.0]], [120.20000000002459, [11.0, 11.0, 11.0, 11.0]], [138.23000000001926, [0.0, 11.0, 11.0, 11.0]], [155.17000000000385, [0.0, 9.0, 11.0, 11.0]], [179.209999999982, [11.0, 11.0, 11.0, 11.0]], [203.24999999996012, [11.0, 11.0, 11.0, 11.0]], [215.2699999999492, [0.0, 0.0, 11.0, 11.0]], [239.30999999992733, [11.0, 11.0, 11.0, 11.0]], [263.3499999999055, [11.0, 11.0, 11.0, 11.0]], [287.3899999998836, [11.0, 11.0, 11.0, 11.0]], [311.42999999986176, [11.0, 11.0, 11.0, 11.0]], [335.4699999998399, [11.0, 11.0, 11.0, 11.0]], [359.50999999981804, [11.0, 11.0, 11.0, 11.0]], [371.5299999998071, [0.0, 0.0, 11.0, 11.0]], [395.56999999978524, [11.0, 11.0, 11.0, 11.0]], [419.6099999997634, [11.0, 11.0, 11.0, 11.0]], [443.6499999997415, [11.0, 11.0, 11.0, 11.0]], [467.68999999971965, [11.0, 11.0, 11.0, 11.0]], [486.26999999970275, [1.0, 11.0, 11.0, 11.0]], [510.3099999996809, [11.0, 11.0, 11.0, 11.0]], [534.3499999996591, [11.0, 11.0, 11.0, 11.0]], [558.3899999996372, [11.0, 11.0, 11.0, 11.0]], [582.4299999996153, [11.0, 11.0, 11.0, 11.0]], [606.4699999995935, [11.0, 11.0, 11.0, 11.0]], [630.5099999995716, [11.0, 11.0, 11.0, 11.0]], [654.5499999995498, [11.0, 11.0, 11.0, 11.0]]], "rebuff": 20.0}