{"solution": [[1, 1, 1, 1], [1, 1, 1, 1], [1, 1, 1, 1], [1, 1, 1, 1], [1, 1, 1, 1], [1, 1, 1, 1], [1, 1, 1, 1], [0, 0, 0, 0], [0, 0, 0, 0], [0, 0, 0, 0], [0, 0, 0, 0], [1, 1, 1, 1], [0, 0, 0, 0], [0, 0, 0, 0], [0, 0, 0, 0], [0, 0, 0, 0], [0, 0, 0, 0], [0, 0, 0, 0], [1, 1, 1, 1], [0, 0, 0, 0], [0, 0, 0, 0], [0, 0, 0, 0], [0, 0, 0, 0], [0, 0, 0, 0], [1, 1, 1, 1], [0, 0, 0, 0], [0, 0, 0, 0], [0, 0, 0, 0], [0, 0, 0, 0], [0, 0, 0, 0], [0, 0, 0, 0], [1, 1, 1, 1], [0, 0, 0, 0], [0, 0, 0, 0], [0, 0, 0, 0], [0, 0, 0, 0], [0, 0, 0, 0], [0, 0, 0, 0], [1, 1, 1, 1], [0, 0, 0, 0], [0, 0, 0, 0], [0, 0, 0, 0], [0, 0, 0, 0], [0, 0, 0, 0], [1, 1, 1, 1], [0, 0, 0, 0], [0, 0, 0, 0], [0, 0, 0, 0], [0, 0, 0, 0], [0, 0, 0, 0], [0, 0, 0, 0], [1, 1, 1, 1], [0, 0, 0, 0], [0, 0, 0, 0], [0, 0, 0, 0], [0, 0, 0, 0], [0, 0, 0, 0], [0, 0, 0, 0], [1, 1, 1, 1], [0, 0, 0, 0], [0, 0, 0, 0], [0, 0, 0, 0], [0, 0, 0, 0], [0, 0, 0, 0], [1, 1, 1, 1], [0, 0, 0, 0], [0, 0, 0, 0], [0, 0, 0, 0], [0, 0, 0, 0], [0, 0, 0, 0], [0, 0, 0, 0], [1, 1, 1, 1], [0, 0, 0, 0], [0, 0, 0, 0], [0, 0, 0, 0], [0, 0, 0, 0], [0, 0, 0, 0], [1, 1, 1, 1], [0, 0, 0, 0], [0, 0, 0, 0], [0, 0, 0, 0], [0, 0, 0, 0], [0, 0, 0, 0], [0, 0, 0, 0], [1, 1, 1, 1], [0, 0, 0, 0], [0, 0, 0, 0], [0, 0, 0, 0], [0, 0, 0, 0], [0, 0, 0, 0], [0, 0, 0, 0], [1, 1, 1, 1]], "time": [0, 2.1899999999999973, 4.379999999999951, 6.569999999999904, 8.759999999999858, 10.949999999999811, 13.139999999999764, 15.329999999999718, 15.829999999999718, 16.329999999999718, 16.829999999999718, 17.329999999999718, 19.52000000000006, 20.02000000000006, 20.52000000000006, 21.02000000000006, 21.52000000000006, 22.02000000000006, 22.52000000000006, 24.710000000000402, 25.210000000000402, 25.710000000000402, 26.210000000000402, 26.710000000000402, 27.210000000000402, 29.400000000000745, 29.900000000000745, 30.400000000000745, 30.900000000000745, 31.400000000000745, 31.900000000000745, 32.400000000000745, 34.59000000000031, 35.09000000000031, 35.59000000000031, 36.09000000000031, 36.59000000000031, 37.09000000000031, 37.59000000000031, 39.77999999999987, 40.27999999999987, 40.77999999999987, 41.27999999999987, 41.77999999999987, 42.27999999999987, 44.46999999999944, 44.96999999999944, 45.46999999999944, 45.96999999999944, 46.46999999999944, 46.96999999999944, 47.46999999999944, 49.659999999999, 50.159999999999, 50.659999999999, 51.159999999999, 51.659999999999, 52.159999999999, 52.659999999999, 54.849999999998566, 55.349999999998566, 55.849999999998566, 56.349999999998566, 56.849999999998566, 57.349999999998566, 59.53999999999813, 60.03999999999813, 60.53999999999813, 61.03999999999813, 61.53999999999813, 62.03999999999813, 62.53999999999813, 64.72999999999821, 65.22999999999821, 65.72999999999821, 66.22999999999821, 66.72999999999821, 67.22999999999821, 69.41999999999933, 69.91999999999933, 70.41999999999933, 70.91999999999933, 71.41999999999933, 71.91999999999933, 72.41999999999933, 74.61000000000045, 75.11000000000045, 75.61000000000045, 76.11000000000045, 76.61000000000045, 77.11000000000045, 77.61000000000045], "buffer": [0, 20, 40, 60, 60, 80, 80, 100, 100, 100, 100, 80, 100, 100, 100, 100, 100, 100, 80, 100, 100, 100, 100, 100, 80, 100, 100, 100, 100, 100, 100, 80, 100, 100, 100, 100, 100, 100, 80, 100, 100, 100, 100, 100, 80, 100, 100, 100, 100, 100, 100, 80, 100, 100, 100, 100, 100, 100, 80, 100, 100, 100, 100, 100, 80, 100, 100, 100, 100, 100, 100, 80, 100, 100, 100, 100, 100, 80, 100, 100, 100, 100, 100, 100, 80, 100, 100, 100, 100, 100, 100, 80], "reward": 1.2453300124532758, "final_time": 80.30000000000157, "playing_br": [[2.1899999999999973, [1.0, 1.0, 1.0, 1.0]], [4.379999999999951, [1.0, 1.0, 1.0, 1.0]], [6.569999999999904, [1.0, 1.0, 1.0, 1.0]], [8.759999999999858, [1.0, 1.0, 1.0, 1.0]], [10.949999999999811, [1.0, 1.0, 1.0, 1.0]], [13.139999999999764, [1.0, 1.0, 1.0, 1.0]], [15.329999999999718, [1.0, 1.0, 1.0, 1.0]], [19.52000000000006, [1.0, 1.0, 1.0, 1.0]], [24.710000000000402, [1.0, 1.0, 1.0, 1.0]], [29.400000000000745, [1.0, 1.0, 1.0, 1.0]], [34.59000000000031, [1.0, 1.0, 1.0, 1.0]], [39.77999999999987, [1.0, 1.0, 1.0, 1.0]], [44.46999999999944, [1.0, 1.0, 1.0, 1.0]], [49.659999999999, [1.0, 1.0, 1.0, 1.0]], [54.849999999998566, [1.0, 1.0, 1.0, 1.0]], [59.53999999999813, [1.0, 1.0, 1.0, 1.0]], [64.72999999999821, [1.0, 1.0, 1.0, 1.0]], [69.41999999999933, [1.0, 1.0, 1.0, 1.0]], [74.61000000000045, [1.0, 1.0, 1.0, 1.0]], [79.80000000000157, [1.0, 1.0, 1.0, 1.0]]], "rebuff": 2.1899999999999977}