{"solution": [[0, 0, 2, 2], [2, 0, 0, 2], [2, 0, 0, 2], [2, 0, 0, 2], [2, 0, 0, 2], [2, 0, 0, 2], [2, 0, 0, 2], [2, 0, 0, 2], [2, 2, 0, 0], [2, 2, 0, 0], [2, 0, 0, 2], [2, 0, 0, 2], [2, 0, 0, 2], [2, 2, 0, 0], [2, 2, 0, 0], [2, 2, 0, 0], [0, 0, 2, 2], [2, 0, 0, 2], [2, 0, 0, 2], [2, 0, 0, 2]], "time": [0, 3.289999999999974, 6.569999999999904, 9.849999999999834, 13.129999999999765, 16.409999999999766, 19.69000000000028, 22.97000000000079, 26.250000000001304, 29.530000000001817, 32.81000000000204, 36.09000000000139, 39.370000000000736, 42.650000000000084, 45.92999999999943, 49.20999999999878, 52.489999999998126, 55.769999999997474, 59.04999999999682, 62.32999999999617], "buffer": [0, 10, 20, 20, 30, 30, 30, 40, 40, 40, 50, 50, 50, 60, 60, 60, 70, 70, 70, 80], "reward": 0.867888290708224, "final_time": 66.10999999999666, "playing_br": [[3.289999999999974, [0.0, 0.0, 3.0, 3.0]], [6.569999999999904, [3.0, 0.0, 0.0, 3.0]], [9.849999999999834, [3.0, 0.0, 0.0, 3.0]], [13.129999999999765, [3.0, 0.0, 0.0, 3.0]], [16.409999999999766, [3.0, 0.0, 0.0, 3.0]], [19.69000000000028, [3.0, 0.0, 0.0, 3.0]], [22.97000000000079, [3.0, 0.0, 0.0, 3.0]], [26.250000000001304, [3.0, 0.0, 0.0, 3.0]], [29.530000000001817, [3.0, 3.0, 0.0, 0.0]], [32.81000000000204, [3.0, 3.0, 0.0, 0.0]], [36.09000000000139, [3.0, 0.0, 0.0, 3.0]], [39.370000000000736, [3.0, 0.0, 0.0, 3.0]], [42.650000000000084, [3.0, 0.0, 0.0, 3.0]], [45.92999999999943, [3.0, 3.0, 0.0, 0.0]], [49.20999999999878, [3.0, 3.0, 0.0, 0.0]], [52.489999999998126, [3.0, 3.0, 0.0, 0.0]], [55.769999999997474, [0.0, 0.0, 3.0, 3.0]], [59.04999999999682, [3.0, 0.0, 0.0, 3.0]], [62.32999999999617, [3.0, 0.0, 0.0, 3.0]], [65.60999999999666, [3.0, 0.0, 0.0, 3.0]]], "rebuff": 3.2899999999999743}