{"solution": [[1, 1, 1, 1], [1, 1, 1, 1], [1, 1, 1, 1], [1, 1, 1, 1], [1, 1, 1, 1], [1, 1, 1, 1], [1, 1, 1, 1], [1, 1, 1, 1], [1, 1, 1, 1], [1, 1, 1, 1], [1, 1, 1, 1], [1, 1, 1, 1], [1, 1, 1, 1], [1, 1, 1, 1], [1, 1, 1, 1], [1, 1, 1, 1], [1, 1, 1, 1], [1, 1, 1, 1], [1, 1, 1, 1], [1, 1, 1, 1], [1, 1, 1, 1], [1, 1, 1, 1], [1, 1, 1, 1], [1, 1, 1, 1], [1, 1, 1, 1], [1, 1, 1, 1], [1, 1, 1, 1], [1, 1, 1, 1], [1, 1, 1, 1], [1, 1, 1, 1]], "time": [0, 2.1899999999999973, 4.379999999999951, 20.000000000000043, 53.429999999999794, 104.66999999999999, 173.71999999999906, 260.5800000000001, 365.2500000000031, 487.73000000000815, 628.0200000000152, 786.1200000000242, 962.0300000000352, 1155.7500000000482, 1367.2800000000632, 1596.6200000000802, 1843.7700000000991, 2108.73000000012, 2391.500000000093, 2692.0800000000186, 3010.469999999896, 3346.669999999726, 3700.679999999508, 4072.499999999242, 4462.129999998928, 4869.569999998566, 5294.819999998157, 5737.8799999977, 6198.749999997195, 6677.429999996642], "buffer": [0, 20.0, 37.810000000000045, 55.62000000000009, 73.42999999999975, 91.24000000000018, 109.04999999999906, 126.86000000000105, 144.67000000000303, 162.48000000000502, 180.290000000007, 198.100000000009, 215.910000000011, 233.720000000013, 251.53000000001498, 269.34000000001697, 287.15000000001896, 304.96000000002095, 322.76999999997315, 340.57999999992535, 358.38999999987755, 376.19999999982974, 394.00999999978194, 411.81999999973414, 429.62999999968633, 447.43999999963853, 465.2499999995907, 483.0599999995429, 500.8699999994951, 518.6799999994473], "reward": 0.041815226875505686, "final_time": 7174.419999996042, "playing_br": [[2.1899999999999973, [1.0, 1.0, 1.0, 1.0]], [4.379999999999951, [1.0, 1.0, 1.0, 1.0]], [6.569999999999904, [1.0, 1.0, 1.0, 1.0]], [22.190000000000385, [1.0, 1.0, 1.0, 1.0]], [55.61999999999936, [1.0, 1.0, 1.0, 1.0]], [106.86000000000111, [1.0, 1.0, 1.0, 1.0]], [175.90999999999707, [1.0, 1.0, 1.0, 1.0]], [262.7699999999981, [1.0, 1.0, 1.0, 1.0]], [367.44000000000113, [1.0, 1.0, 1.0, 1.0]], [489.92000000000616, [1.0, 1.0, 1.0, 1.0]], [630.2100000000132, [1.0, 1.0, 1.0, 1.0]], [788.3100000000222, [1.0, 1.0, 1.0, 1.0]], [964.2200000000332, [1.0, 1.0, 1.0, 1.0]], [1157.9400000000462, [1.0, 1.0, 1.0, 1.0]], [1369.4700000000612, [1.0, 1.0, 1.0, 1.0]], [1598.8100000000782, [1.0, 1.0, 1.0, 1.0]], [1845.9600000000971, [1.0, 1.0, 1.0, 1.0]], [2110.920000000168, [1.0, 1.0, 1.0, 1.0]], [2393.690000000141, [1.0, 1.0, 1.0, 1.0]], [2694.2700000000664, [1.0, 1.0, 1.0, 1.0]], [3012.659999999944, [1.0, 1.0, 1.0, 1.0]], [3348.8599999997737, [1.0, 1.0, 1.0, 1.0]], [3702.8699999995556, [1.0, 1.0, 1.0, 1.0]], [4074.6899999992897, [1.0, 1.0, 1.0, 1.0]], [4464.319999998976, [1.0, 1.0, 1.0, 1.0]], [4871.759999998614, [1.0, 1.0, 1.0, 1.0]], [5297.009999998205, [1.0, 1.0, 1.0, 1.0]], [5740.069999997748, [1.0, 1.0, 1.0, 1.0]], [6200.939999997243, [1.0, 1.0, 1.0, 1.0]], [6679.61999999669, [1.0, 1.0, 1.0, 1.0]]], "rebuff": 2.1899999999999973}