{"solution": [[1, 1, 1, 1], [1, 1, 1, 0], [2, 2, 2, 0], [5, 5, 5, 0], [2, 2, 2, 0], [2, 2, 2, 0], [4, 4, 0, 0], [3, 3, 3, 0], [3, 3, 0, 0], [2, 2, 0, 0], [4, 4, 4, 0], [2, 2, 2, 0], [5, 5, 5, 0], [4, 4, 0, 0], [3, 3, 0, 0], [2, 2, 0, 0], [4, 4, 4, 0], [4, 4, 4, 0], [3, 3, 3, 0], [4, 4, 4, 0], [4, 4, 0, 0], [3, 3, 3, 0], [3, 3, 3, 0], [3, 3, 3, 0], [4, 4, 4, 0], [4, 4, 4, 0], [4, 4, 0, 0], [3, 3, 3, 0], [3, 3, 3, 0], [3, 3, 3, 0], [4, 4, 4, 0], [4, 4, 0, 0], [3, 3, 3, 0], [3, 3, 3, 0], [3, 3, 0, 0], [3, 3, 3, 0], [3, 3, 3, 0], [3, 3, 3, 0], [4, 4, 4, 0], [4, 4, 4, 0]], "time": [380, 382.189999999998, 383.8299999999965, 387.10999999999353, 395.3099999999861, 398.5899999999831, 401.8699999999801, 406.2499999999761, 411.16999999997165, 414.44999999996867, 416.6399999999667, 423.1999999999607, 426.4799999999577, 434.67999999995027, 439.0599999999463, 442.3399999999433, 444.5299999999413, 451.08999999993534, 457.6499999999294, 462.5699999999249, 469.12999999991894, 473.50999999991495, 478.4299999999105, 483.349999999906, 488.26999999990153, 494.82999999989556, 501.3899999998896, 505.7699999998856, 510.68999999988114, 515.6099999998767, 520.5299999998722, 527.0899999998662, 531.4699999998622, 536.3899999998578, 541.3099999998533, 544.5899999998503, 549.5099999998458, 554.4299999998414, 559.3499999998369, 565.9099999998309], "buffer": [0, 20, 35, 50, 30, 30, 45, 40, 40, 35, 45, 35, 50, 45, 40, 35, 45, 45, 40, 45, 45, 40, 40, 40, 45, 45, 45, 40, 40, 40, 45, 45, 40, 40, 40, 40, 40, 40, 45, 45], "reward": 0.34951117120979774, "final_time": 572.969999999825, "playing_br": [[382.189999999998, [1.0, 1.0, 1.0, 1.0]], [383.8299999999965, [1.0, 1.0, 1.0, 0.0]], [387.10999999999353, [2.0, 2.0, 2.0, 0.0]], [395.3099999999861, [5.0, 5.0, 5.0, 0.0]], [398.5899999999831, [2.0, 2.0, 2.0, 0.0]], [401.8699999999801, [2.0, 2.0, 2.0, 0.0]], [406.2499999999761, [4.0, 4.0, 0.0, 0.0]], [411.16999999997165, [3.0, 3.0, 3.0, 0.0]], [414.44999999996867, [3.0, 3.0, 0.0, 0.0]], [416.6399999999667, [2.0, 2.0, 0.0, 0.0]], [423.1999999999607, [4.0, 4.0, 4.0, 0.0]], [426.4799999999577, [2.0, 2.0, 2.0, 0.0]], [434.67999999995027, [5.0, 5.0, 5.0, 0.0]], [439.0599999999463, [4.0, 4.0, 0.0, 0.0]], [442.3399999999433, [3.0, 3.0, 0.0, 0.0]], [444.5299999999413, [2.0, 2.0, 0.0, 0.0]], [451.08999999993534, [4.0, 4.0, 4.0, 0.0]], [457.6499999999294, [4.0, 4.0, 4.0, 0.0]], [462.5699999999249, [3.0, 3.0, 3.0, 0.0]], [469.12999999991894, [4.0, 4.0, 4.0, 0.0]], [473.50999999991495, [4.0, 4.0, 0.0, 0.0]], [478.4299999999105, [3.0, 3.0, 3.0, 0.0]], [483.349999999906, [3.0, 3.0, 3.0, 0.0]], [488.26999999990153, [3.0, 3.0, 3.0, 0.0]], [494.82999999989556, [4.0, 4.0, 4.0, 0.0]], [501.3899999998896, [4.0, 4.0, 4.0, 0.0]], [505.7699999998856, [4.0, 4.0, 0.0, 0.0]], [510.68999999988114, [3.0, 3.0, 3.0, 0.0]], [515.6099999998767, [3.0, 3.0, 3.0, 0.0]], [520.5299999998722, [3.0, 3.0, 3.0, 0.0]], [527.0899999998662, [4.0, 4.0, 4.0, 0.0]], [531.4699999998622, [4.0, 4.0, 0.0, 0.0]], [536.3899999998578, [3.0, 3.0, 3.0, 0.0]], [541.3099999998533, [3.0, 3.0, 3.0, 0.0]], [544.5899999998503, [3.0, 3.0, 0.0, 0.0]], [549.5099999998458, [3.0, 3.0, 3.0, 0.0]], [554.4299999998414, [3.0, 3.0, 3.0, 0.0]], [559.3499999998369, [3.0, 3.0, 3.0, 0.0]], [565.9099999998309, [4.0, 4.0, 4.0, 0.0]], [572.469999999825, [4.0, 4.0, 4.0, 0.0]]], "rebuff": 382.189999999998}