{
  "solution": [
    [
      1,
      1,
      1,
      1
    ],
    [
      5,
      5,
      5,
      5
    ],
    [
      5,
      5,
      5,
      5
    ],
    [
      5,
      5,
      5,
      5
    ],
    [
      5,
      5,
      5,
      5
    ],
    [
      5,
      5,
      5,
      5
    ],
    [
      5,
      5,
      5,
      5
    ],
    [
      5,
      5,
      5,
      5
    ],
    [
      5,
      5,
      5,
      5
    ],
    [
      5,
      5,
      5,
      5
    ],
    [
      5,
      5,
      5,
      5
    ],
    [
      5,
      5,
      5,
      5
    ],
    [
      5,
      5,
      5,
      5
    ],
    [
      5,
      5,
      5,
      5
    ],
    [
      5,
      5,
      5,
      5
    ],
    [
      5,
      5,
      5,
      5
    ],
    [
      5,
      5,
      5,
      5
    ],
    [
      5,
      5,
      5,
      5
    ],
    [
      5,
      5,
      5,
      5
    ],
    [
      5,
      5,
      5,
      5
    ],
    [
      5,
      5,
      5,
      5
    ],
    [
      5,
      5,
      5,
      5
    ],
    [
      5,
      5,
      5,
      5
    ],
    [
      5,
      5,
      5,
      5
    ],
    [
      5,
      5,
      5,
      5
    ],
    [
      5,
      5,
      5,
      5
    ],
    [
      5,
      5,
      5,
      5
    ],
    [
      5,
      5,
      5,
      5
    ],
    [
      5,
      5,
      5,
      5
    ],
    [
      5,
      5,
      5,
      5
    ]
  ],
  "time": [
    0,
    2.1899999999999973,
    26.2300000000013,
    50.26999999999857,
    74.31000000000111,
    98.35000000001341,
    122.39000000002571,
    146.4300000000118,
    170.46999999998994,
    194.50999999996807,
    218.5499999999462,
    242.58999999992434,
    266.6299999999025,
    290.66999999988064,
    314.7099999998588,
    338.7499999998369,
    362.78999999981505,
    386.8299999997932,
    410.8699999997713,
    434.90999999974946,
    458.9499999997276,
    482.98999999970573,
    507.02999999968387,
    531.0699999996621,
    555.1099999996402,
    579.1499999996183,
    603.1899999995965,
    627.2299999995746,
    651.2699999995527,
    675.3099999995309
  ],
  "buffer": [
    0,
    20,
    20,
    20,
    20,
    20,
    20,
    20,
    20,
    20,
    20,
    20,
    20,
    20,
    20,
    20,
    20,
    20,
    20,
    20,
    20,
    20,
    20,
    20,
    20,
    20,
    20,
    20,
    20,
    20
  ],
  "reward": 0.3136943100825987,
  "final_time": 699.849999999509,
  "playing_br": [
    [
      2.1899999999999973,
      [
        1.0,
        1.0,
        1.0,
        1.0
      ]
    ],
    [
      26.2300000000013,
      [
        11.0,
        11.0,
        11.0,
        11.0
      ]
    ],
    [
      50.26999999999857,
      [
        11.0,
        11.0,
        11.0,
        11.0
      ]
    ],
    [
      74.31000000000111,
      [
        11.0,
        11.0,
        11.0,
        11.0
      ]
    ],
    [
      98.35000000001341,
      [
        11.0,
        11.0,
        11.0,
        11.0
      ]
    ],
    [
      122.39000000002571,
      [
        11.0,
        11.0,
        11.0,
        11.0
      ]
    ],
    [
      146.4300000000118,
      [
        11.0,
        11.0,
        11.0,
        11.0
      ]
    ],
    [
      170.46999999998994,
      [
        11.0,
        11.0,
        11.0,
        11.0
      ]
    ],
    [
      194.50999999996807,
      [
        11.0,
        11.0,
        11.0,
        11.0
      ]
    ],
    [
      218.5499999999462,
      [
        11.0,
        11.0,
        11.0,
        11.0
      ]
    ],
    [
      242.58999999992434,
      [
        11.0,
        11.0,
        11.0,
        11.0
      ]
    ],
    [
      266.6299999999025,
      [
        11.0,
        11.0,
        11.0,
        11.0
      ]
    ],
    [
      290.66999999988064,
      [
        11.0,
        11.0,
        11.0,
        11.0
      ]
    ],
    [
      314.7099999998588,
      [
        11.0,
        11.0,
        11.0,
        11.0
      ]
    ],
    [
      338.7499999998369,
      [
        11.0,
        11.0,
        11.0,
        11.0
      ]
    ],
    [
      362.78999999981505,
      [
        11.0,
        11.0,
        11.0,
        11.0
      ]
    ],
    [
      386.8299999997932,
      [
        11.0,
        11.0,
        11.0,
        11.0
      ]
    ],
    [
      410.8699999997713,
      [
        11.0,
        11.0,
        11.0,
        11.0
      ]
    ],
    [
      434.90999999974946,
      [
        11.0,
        11.0,
        11.0,
        11.0
      ]
    ],
    [
      458.9499999997276,
      [
        11.0,
        11.0,
        11.0,
        11.0
      ]
    ],
    [
      482.98999999970573,
      [
        11.0,
        11.0,
        11.0,
        11.0
      ]
    ],
    [
      507.02999999968387,
      [
        11.0,
        11.0,
        11.0,
        11.0
      ]
    ],
    [
      531.0699999996621,
      [
        11.0,
        11.0,
        11.0,
        11.0
      ]
    ],
    [
      555.1099999996402,
      [
        11.0,
        11.0,
        11.0,
        11.0
      ]
    ],
    [
      579.1499999996183,
      [
        11.0,
        11.0,
        11.0,
        11.0
      ]
    ],
    [
      603.1899999995965,
      [
        11.0,
        11.0,
        11.0,
        11.0
      ]
    ],
    [
      627.2299999995746,
      [
        11.0,
        11.0,
        11.0,
        11.0
      ]
    ],
    [
      651.2699999995527,
      [
        11.0,
        11.0,
        11.0,
        11.0
      ]
    ],
    [
      675.3099999995309,
      [
        11.0,
        11.0,
        11.0,
        11.0
      ]
    ],
    [
      699.349999999509,
      [
        11.0,
        11.0,
        11.0,
        11.0
      ]
    ]
  ],
  "rebuff": -142.81
}