{"solution": [[1, 1, 1, 1], [1, 1, 1, 0], [2, 2, 2, 0], [1, 1, 1, 0], [2, 2, 2, 0], [2, 2, 2, 0], [2, 2, 2, 0], [2, 2, 2, 0], [2, 2, 0, 0], [2, 2, 0, 0], [3, 3, 3, 0], [2, 2, 2, 0], [2, 2, 2, 0], [2, 2, 0, 0], [2, 2, 2, 2], [2, 2, 0, 0], [2, 2, 2, 0], [2, 2, 2, 0], [2, 2, 2, 0], [2, 2, 2, 0]], "time": [0, 2.1899999999999973, 3.8299999999999623, 8.749999999999858, 10.389999999999823, 15.309999999999718, 20.230000000000363, 25.150000000001132, 30.0700000000019, 33.350000000001934, 36.63000000000128, 44.82999999999965, 49.74999999999867, 54.66999999999769, 57.94999999999704, 64.5099999999961, 67.78999999999778, 72.71000000000029, 77.63000000000281, 82.55000000000533], "buffer": [0, 20, 35, 30, 45, 45, 45, 45, 45, 40, 50, 35, 40, 45, 40, 45, 40, 45, 40, 45], "reward": 1.130297115558418, "final_time": 87.97000000000784, "playing_br": [[2.1899999999999973, [1.0, 1.0, 1.0, 1.0]], [3.8299999999999623, [1.0, 1.0, 1.0, 0.0]], [8.749999999999858, [3.0, 3.0, 3.0, 0.0]], [10.389999999999823, [1.0, 1.0, 1.0, 0.0]], [15.309999999999718, [3.0, 3.0, 3.0, 0.0]], [20.230000000000363, [3.0, 3.0, 3.0, 0.0]], [25.150000000001132, [3.0, 3.0, 3.0, 0.0]], [30.0700000000019, [3.0, 3.0, 3.0, 0.0]], [33.350000000001934, [3.0, 3.0, 0.0, 0.0]], [36.63000000000128, [3.0, 3.0, 0.0, 0.0]], [44.82999999999965, [5.0, 5.0, 5.0, 0.0]], [49.74999999999867, [3.0, 3.0, 3.0, 0.0]], [54.66999999999769, [3.0, 3.0, 3.0, 0.0]], [57.94999999999704, [3.0, 3.0, 0.0, 0.0]], [64.5099999999961, [3.0, 3.0, 3.0, 3.0]], [67.78999999999778, [3.0, 3.0, 0.0, 0.0]], [72.71000000000029, [3.0, 3.0, 3.0, 0.0]], [77.63000000000281, [3.0, 3.0, 3.0, 0.0]], [82.55000000000533, [3.0, 3.0, 3.0, 0.0]], [87.47000000000784, [3.0, 3.0, 3.0, 0.0]]], "rebuff": 2.1899999999999977}