{"solution": [[1, 1, 1, 1, 1, 1], [2, 2, 2, 0, 0, 0], [4, 4, 4, 0, 0, 0], [1, 1, 1, 0, 0, 0], [0, 0, 0, 0, 2, 2], [0, 0, 0, 0, 3, 3], [3, 3, 3, 0, 0, 0], [3, 3, 3, 0, 0, 0], [3, 3, 3, 3, 0, 0], [3, 3, 0, 0, 0, 0], [2, 2, 2, 0, 0, 0], [0, 0, 0, 0, 2, 2], [0, 0, 0, 0, 3, 3], [0, 0, 0, 0, 3, 3], [2, 2, 2, 0, 0, 0], [0, 0, 0, 0, 3, 3], [4, 4, 4, 0, 0, 0], [3, 3, 3, 0, 3, 3], [2, 2, 2, 0, 0, 0], [3, 3, 3, 0, 0, 0], [5, 5, 5, 0, 0, 0], [1, 1, 1, 0, 0, 0], [2, 2, 0, 0, 0, 0], [0, 0, 0, 0, 3, 3], [0, 0, 0, 0, 5, 5], [2, 2, 2, 0, 2, 2], [4, 4, 4, 0, 0, 0], [0, 0, 0, 0, 3, 3], [2, 2, 2, 0, 0, 0], [3, 3, 0, 0, 0, 0], [0, 0, 0, 0, 3, 3], [3, 3, 3, 0, 0, 0], [3, 3, 3, 0, 0, 0], [2, 2, 2, 0, 0, 0], [4, 4, 4, 0, 0, 0], [2, 2, 2, 0, 0, 0], [2, 2, 2, 0, 0, 0], [2, 2, 2, 0, 0, 0], [0, 0, 0, 0, 4, 4], [2, 2, 2, 0, 0, 0]], "time": [0, 3.289999999999974, 6.569999999999904, 16.409999999999766, 18.050000000000022, 20.240000000000364, 24.62000000000105, 31.180000000002075, 37.74000000000106, 46.48999999999932, 50.86999999999845, 54.149999999997796, 56.33999999999736, 60.71999999999649, 65.0999999999964, 68.37999999999808, 72.76000000000032, 82.60000000000535, 93.53000000001094, 96.81000000001262, 103.37000000001598, 116.49000000002269, 118.13000000002353, 120.32000000002465, 124.70000000002689, 133.4500000000236, 138.92000000001863, 148.76000000000968, 153.1400000000057, 156.42000000000272, 160.79999999999873, 165.17999999999475, 171.73999999998878, 178.29999999998282, 181.57999999997983, 191.41999999997088, 194.6999999999679, 197.97999999996492, 201.25999999996193, 207.81999999995597], "buffer": [0, 30, 45, 15, 30, 40, 35, 35, 40, 35, 30, 25, 35, 35, 30, 35, 45, 40, 25, 40, 55, 15, 30, 40, 50, 30, 45, 40, 25, 40, 35, 35, 35, 30, 45, 30, 30, 30, 45, 25], "reward": 0.42198789381566015, "final_time": 211.09999999995298, "playing_br": [[3.289999999999974, [1.0, 1.0, 1.0, 1.0, 1.0, 1.0]], [6.569999999999904, [2.0, 2.0, 2.0, 0.0, 0.0, 0.0]], [16.409999999999766, [6.0, 6.0, 6.0, 0.0, 0.0, 0.0]], [18.050000000000022, [1.0, 1.0, 1.0, 0.0, 0.0, 0.0]], [20.240000000000364, [0.0, 0.0, 0.0, 0.0, 2.0, 2.0]], [24.62000000000105, [0.0, 0.0, 0.0, 0.0, 4.0, 4.0]], [31.180000000002075, [4.0, 4.0, 4.0, 0.0, 0.0, 0.0]], [37.74000000000106, [4.0, 4.0, 4.0, 0.0, 0.0, 0.0]], [46.48999999999932, [4.0, 4.0, 4.0, 4.0, 0.0, 0.0]], [50.86999999999845, [4.0, 4.0, 0.0, 0.0, 0.0, 0.0]], [54.149999999997796, [2.0, 2.0, 2.0, 0.0, 0.0, 0.0]], [56.33999999999736, [0.0, 0.0, 0.0, 0.0, 2.0, 2.0]], [60.71999999999649, [0.0, 0.0, 0.0, 0.0, 4.0, 4.0]], [65.0999999999964, [0.0, 0.0, 0.0, 0.0, 4.0, 4.0]], [68.37999999999808, [2.0, 2.0, 2.0, 0.0, 0.0, 0.0]], [72.76000000000032, [0.0, 0.0, 0.0, 0.0, 4.0, 4.0]], [82.60000000000535, [6.0, 6.0, 6.0, 0.0, 0.0, 0.0]], [93.53000000001094, [4.0, 4.0, 4.0, 0.0, 4.0, 4.0]], [96.81000000001262, [2.0, 2.0, 2.0, 0.0, 0.0, 0.0]], [103.37000000001598, [4.0, 4.0, 4.0, 0.0, 0.0, 0.0]], [116.49000000002269, [8.0, 8.0, 8.0, 0.0, 0.0, 0.0]], [118.13000000002353, [1.0, 1.0, 1.0, 0.0, 0.0, 0.0]], [120.32000000002465, [2.0, 2.0, 0.0, 0.0, 0.0, 0.0]], [124.70000000002689, [0.0, 0.0, 0.0, 0.0, 4.0, 4.0]], [133.4500000000236, [0.0, 0.0, 0.0, 0.0, 8.0, 8.0]], [138.92000000001863, [2.0, 2.0, 2.0, 0.0, 2.0, 2.0]], [148.76000000000968, [6.0, 6.0, 6.0, 0.0, 0.0, 0.0]], [153.1400000000057, [0.0, 0.0, 0.0, 0.0, 4.0, 4.0]], [156.42000000000272, [2.0, 2.0, 2.0, 0.0, 0.0, 0.0]], [160.79999999999873, [4.0, 4.0, 0.0, 0.0, 0.0, 0.0]], [165.17999999999475, [0.0, 0.0, 0.0, 0.0, 4.0, 4.0]], [171.73999999998878, [4.0, 4.0, 4.0, 0.0, 0.0, 0.0]], [178.29999999998282, [4.0, 4.0, 4.0, 0.0, 0.0, 0.0]], [181.57999999997983, [2.0, 2.0, 2.0, 0.0, 0.0, 0.0]], [191.41999999997088, [6.0, 6.0, 6.0, 0.0, 0.0, 0.0]], [194.6999999999679, [2.0, 2.0, 2.0, 0.0, 0.0, 0.0]], [197.97999999996492, [2.0, 2.0, 2.0, 0.0, 0.0, 0.0]], [201.25999999996193, [2.0, 2.0, 2.0, 0.0, 0.0, 0.0]], [207.81999999995597, [0.0, 0.0, 0.0, 0.0, 6.0, 6.0]], [211.09999999995298, [2.0, 2.0, 2.0, 0.0, 0.0, 0.0]]], "rebuff": 22.18000000001214, "reward_val": 0.12805429321679324}