{
  "solution": [
    [
      1,
      1,
      1,
      1
    ],
    [
      5,
      5,
      5,
      5
    ],
    [
      0,
      0,
      0,
      0
    ],
    [
      1,
      1,
      0,
      0
    ],
    [
      1,
      1,
      1,
      0
    ],
    [
      1,
      1,
      0,
      0
    ],
    [
      1,
      1,
      1,
      0
    ],
    [
      1,
      1,
      1,
      0
    ],
    [
      1,
      1,
      0,
      0
    ],
    [
      1,
      1,
      0,
      0
    ],
    [
      1,
      1,
      1,
      0
    ],
    [
      1,
      1,
      0,
      0
    ],
    [
      1,
      1,
      1,
      0
    ],
    [
      1,
      1,
      1,
      0
    ],
    [
      1,
      1,
      0,
      0
    ],
    [
      1,
      1,
      1,
      1
    ],
    [
      5,
      5,
      5,
      5
    ],
    [
      5,
      5,
      5,
      5
    ],
    [
      5,
      5,
      5,
      5
    ],
    [
      5,
      5,
      5,
      5
    ],
    [
      5,
      5,
      5,
      5
    ],
    [
      5,
      5,
      5,
      5
    ],
    [
      5,
      5,
      5,
      5
    ],
    [
      5,
      5,
      5,
      5
    ],
    [
      5,
      5,
      5,
      5
    ],
    [
      5,
      5,
      5,
      5
    ],
    [
      5,
      5,
      5,
      5
    ],
    [
      5,
      5,
      5,
      5
    ],
    [
      5,
      5,
      5,
      5
    ],
    [
      5,
      5,
      5,
      5
    ],
    [
      5,
      5,
      5,
      5
    ]
  ],
  "time": [
    0,
    2.1899999999999973,
    26.2300000000013,
    26.7300000000013,
    27.830000000001473,
    29.590000000001044,
    40.25000000000044,
    64.27000000000017,
    101.64999999999905,
    147.9299999999974,
    203.10999999999672,
    271.64999999999753,
    349.08999999999935,
    439.89000000000266,
    544.0500000000075,
    657.1100000000133,
    787.9800000000212,
    914.8100000000509,
    1037.6000000001025,
    1156.350000000176,
    1271.0600000002712,
    1381.7300000003884,
    1488.3600000005274,
    1590.9500000006883,
    1689.500000000871,
    1784.0100000010757,
    1874.4800000013022,
    1960.9100000015505,
    2043.3000000018208,
    2121.6500000016727,
    2195.960000001
  ],
  "buffer": [
    0,
    20.0,
    20.0,
    19.5,
    28.399999999999828,
    41.75999999999957,
    50.6599999999994,
    64.01999999999973,
    77.37999999999889,
    86.27999999999832,
    95.17999999999932,
    108.54000000000082,
    117.44000000000182,
    130.8000000000033,
    144.1600000000048,
    153.0600000000058,
    170.8700000000078,
    166.83000000002966,
    162.79000000005152,
    158.75000000007338,
    154.71000000009525,
    150.6700000001171,
    146.63000000013898,
    142.59000000016084,
    138.5500000001827,
    134.51000000020457,
    130.47000000022643,
    126.4300000002483,
    122.39000000027016,
    118.34999999985206,
    114.30999999932732
  ],
  "reward": 0.14927508982755047,
  "final_time": 2266.7299999998027,
  "playing_br": [
    [
      2.1899999999999973,
      [
        1.0,
        1.0,
        1.0,
        1.0
      ]
    ],
    [
      26.2300000000013,
      [
        11.0,
        11.0,
        11.0,
        11.0
      ]
    ],
    [
      27.830000000001473,
      [
        1.0,
        1.0,
        0.0,
        0.0
      ]
    ],
    [
      29.47000000000173,
      [
        1.0,
        1.0,
        1.0,
        0.0
      ]
    ],
    [
      30.690000000001216,
      [
        1.0,
        1.0,
        0.0,
        0.0
      ]
    ],
    [
      41.890000000000114,
      [
        1.0,
        1.0,
        1.0,
        0.0
      ]
    ],
    [
      65.910000000001,
      [
        1.0,
        1.0,
        1.0,
        0.0
      ]
    ],
    [
      102.74999999999962,
      [
        1.0,
        1.0,
        0.0,
        0.0
      ]
    ],
    [
      149.0299999999964,
      [
        1.0,
        1.0,
        0.0,
        0.0
      ]
    ],
    [
      204.74999999999523,
      [
        1.0,
        1.0,
        1.0,
        0.0
      ]
    ],
    [
      272.74999999999653,
      [
        1.0,
        1.0,
        0.0,
        0.0
      ]
    ],
    [
      350.72999999999786,
      [
        1.0,
        1.0,
        1.0,
        0.0
      ]
    ],
    [
      441.53000000000117,
      [
        1.0,
        1.0,
        1.0,
        0.0
      ]
    ],
    [
      545.1500000000065,
      [
        1.0,
        1.0,
        0.0,
        0.0
      ]
    ],
    [
      659.3000000000113,
      [
        1.0,
        1.0,
        1.0,
        1.0
      ]
    ],
    [
      812.0199999999993,
      [
        11.0,
        11.0,
        11.0,
        11.0
      ]
    ],
    [
      938.850000000029,
      [
        11.0,
        11.0,
        11.0,
        11.0
      ]
    ],
    [
      1061.6400000000806,
      [
        11.0,
        11.0,
        11.0,
        11.0
      ]
    ],
    [
      1180.390000000154,
      [
        11.0,
        11.0,
        11.0,
        11.0
      ]
    ],
    [
      1295.1000000002493,
      [
        11.0,
        11.0,
        11.0,
        11.0
      ]
    ],
    [
      1405.7700000003665,
      [
        11.0,
        11.0,
        11.0,
        11.0
      ]
    ],
    [
      1512.4000000005055,
      [
        11.0,
        11.0,
        11.0,
        11.0
      ]
    ],
    [
      1614.9900000006664,
      [
        11.0,
        11.0,
        11.0,
        11.0
      ]
    ],
    [
      1713.5400000008492,
      [
        11.0,
        11.0,
        11.0,
        11.0
      ]
    ],
    [
      1808.0500000010538,
      [
        11.0,
        11.0,
        11.0,
        11.0
      ]
    ],
    [
      1898.5200000012803,
      [
        11.0,
        11.0,
        11.0,
        11.0
      ]
    ],
    [
      1984.9500000015287,
      [
        11.0,
        11.0,
        11.0,
        11.0
      ]
    ],
    [
      2067.340000002239,
      [
        11.0,
        11.0,
        11.0,
        11.0
      ]
    ],
    [
      2145.6900000021974,
      [
        11.0,
        11.0,
        11.0,
        11.0
      ]
    ],
    [
      2220.0000000015248,
      [
        11.0,
        11.0,
        11.0,
        11.0
      ]
    ]
  ],
  "rebuff": 6.230000000001301
}