{"solution": [[6, 6, 6, 6], [6, 6, 6, 6], [6, 6, 6, 6], [6, 6, 6, 6], [6, 6, 6, 6], [6, 6, 6, 6], [6, 6, 6, 6], [6, 6, 6, 6], [6, 6, 6, 6], [6, 6, 6, 6], [6, 6, 6, 6], [6, 6, 6, 6], [6, 6, 6, 6], [6, 6, 6, 6], [6, 6, 6, 6], [6, 6, 6, 6], [6, 6, 6, 6], [6, 6, 6, 6], [6, 6, 6, 6], [6, 5, 6, 6]], "time": [0, 24.04000000000096, 48.079999999999, 72.11999999999999, 96.16000000001229, 120.20000000002459, 144.2400000000138, 168.27999999999193, 192.31999999997007, 216.3599999999482, 240.39999999992634, 264.4399999999045, 288.47999999988264, 312.5199999998608, 336.5599999998389, 360.59999999981704, 384.6399999997952, 408.6799999997733, 432.71999999975145, 456.7599999997296], "buffer": [0, 20, 20, 20, 20, 20, 20, 20, 20, 20, 20, 20, 20, 20, 20, 20, 20, 20, 20, 20], "reward": 0.3083178943206677, "final_time": 479.7099999997087, "playing_br": [[24.04000000000096, [11.0, 11.0, 11.0, 11.0]], [48.079999999999, [11.0, 11.0, 11.0, 11.0]], [72.11999999999999, [11.0, 11.0, 11.0, 11.0]], [96.16000000001229, [11.0, 11.0, 11.0, 11.0]], [120.20000000002459, [11.0, 11.0, 11.0, 11.0]], [144.2400000000138, [11.0, 11.0, 11.0, 11.0]], [168.27999999999193, [11.0, 11.0, 11.0, 11.0]], [192.31999999997007, [11.0, 11.0, 11.0, 11.0]], [216.3599999999482, [11.0, 11.0, 11.0, 11.0]], [240.39999999992634, [11.0, 11.0, 11.0, 11.0]], [264.4399999999045, [11.0, 11.0, 11.0, 11.0]], [288.47999999988264, [11.0, 11.0, 11.0, 11.0]], [312.5199999998608, [11.0, 11.0, 11.0, 11.0]], [336.5599999998389, [11.0, 11.0, 11.0, 11.0]], [360.59999999981704, [11.0, 11.0, 11.0, 11.0]], [384.6399999997952, [11.0, 11.0, 11.0, 11.0]], [408.6799999997733, [11.0, 11.0, 11.0, 11.0]], [432.71999999975145, [11.0, 11.0, 11.0, 11.0]], [456.7599999997296, [11.0, 11.0, 11.0, 11.0]], [479.7099999997087, [11.0, 9.0, 11.0, 11.0]]], "rebuff": 384.7099999997087}