{"solution": [[5, 5, 5, 5, 5, 5], [5, 5, 5, 5, 5, 5], [5, 5, 5, 5, 5, 5], [5, 5, 5, 5, 5, 5], [5, 5, 5, 5, 5, 5], [5, 5, 5, 5, 5, 5], [5, 5, 5, 5, 5, 5], [5, 5, 5, 5, 5, 5], [5, 5, 5, 5, 5, 5], [5, 5, 5, 5, 5, 5], [5, 5, 5, 5, 5, 5], [5, 5, 5, 5, 5, 5], [5, 5, 5, 5, 5, 5], [5, 5, 5, 5, 5, 5], [5, 5, 5, 5, 5, 5], [5, 5, 5, 5, 5, 5], [5, 5, 5, 5, 5, 5], [5, 5, 5, 5, 5, 5], [5, 5, 5, 5, 5, 5], [5, 5, 5, 5, 5, 5], [5, 5, 5, 5, 5, 5], [5, 5, 5, 5, 5, 5], [5, 5, 5, 5, 5, 5], [5, 5, 5, 5, 5, 5], [5, 5, 5, 5, 5, 5], [5, 5, 5, 5, 5, 5], [5, 5, 5, 5, 5, 5], [5, 5, 5, 5, 5, 5], [5, 5, 5, 5, 5, 5], [5, 5, 5, 5, 5, 5], [5, 5, 5, 5, 5, 5], [5, 5, 5, 5, 5, 5], [5, 5, 5, 5, 5, 5], [5, 5, 5, 5, 5, 5], [5, 5, 5, 5, 5, 5], [5, 5, 5, 5, 5, 5], [5, 5, 5, 5, 5, 5], [5, 5, 5, 5, 5, 5], [5, 5, 5, 5, 5, 5], [5, 5, 5, 5, 5, 5]], "time": [0, 26.2300000000013, 52.45999999999813, 78.69000000000335, 104.92000000001677, 131.1500000000257, 157.38000000000184, 183.609999999978, 209.83999999995413, 236.06999999993027, 262.29999999990645, 288.5299999998826, 314.75999999985874, 340.9899999998349, 367.219999999811, 393.44999999978717, 419.6799999997633, 445.90999999973945, 472.1399999997156, 498.36999999969174, 524.599999999668, 550.8299999996441, 577.0599999996202, 603.2899999995964, 629.5199999995725, 655.7499999995487, 681.9799999995248, 708.209999999501, 734.4399999994771, 760.6699999994532, 786.8999999994294, 813.1299999994055, 839.3599999993817, 865.5899999993578, 891.819999999334, 918.0499999993101, 944.2799999992862, 970.5099999992624, 996.7399999992385, 1022.9699999992147], "buffer": [0, 30, 30, 30, 30, 30, 30, 30, 30, 30, 30, 30, 30, 30, 30, 30, 30, 30, 30, 30, 30, 30, 30, 30, 30, 30, 30, 30, 30, 30, 30, 30, 30, 30, 30, 30, 30, 30, 30, 30], "reward": 0.17458793525289254, "final_time": 1049.1999999991908, "playing_br": [[26.2300000000013, [8.0, 8.0, 8.0, 8.0, 8.0, 8.0]], [52.45999999999813, [8.0, 8.0, 8.0, 8.0, 8.0, 8.0]], [78.69000000000335, [8.0, 8.0, 8.0, 8.0, 8.0, 8.0]], [104.92000000001677, [8.0, 8.0, 8.0, 8.0, 8.0, 8.0]], [131.1500000000257, [8.0, 8.0, 8.0, 8.0, 8.0, 8.0]], [157.38000000000184, [8.0, 8.0, 8.0, 8.0, 8.0, 8.0]], [183.609999999978, [8.0, 8.0, 8.0, 8.0, 8.0, 8.0]], [209.83999999995413, [8.0, 8.0, 8.0, 8.0, 8.0, 8.0]], [236.06999999993027, [8.0, 8.0, 8.0, 8.0, 8.0, 8.0]], [262.29999999990645, [8.0, 8.0, 8.0, 8.0, 8.0, 8.0]], [288.5299999998826, [8.0, 8.0, 8.0, 8.0, 8.0, 8.0]], [314.75999999985874, [8.0, 8.0, 8.0, 8.0, 8.0, 8.0]], [340.9899999998349, [8.0, 8.0, 8.0, 8.0, 8.0, 8.0]], [367.219999999811, [8.0, 8.0, 8.0, 8.0, 8.0, 8.0]], [393.44999999978717, [8.0, 8.0, 8.0, 8.0, 8.0, 8.0]], [419.6799999997633, [8.0, 8.0, 8.0, 8.0, 8.0, 8.0]], [445.90999999973945, [8.0, 8.0, 8.0, 8.0, 8.0, 8.0]], [472.1399999997156, [8.0, 8.0, 8.0, 8.0, 8.0, 8.0]], [498.36999999969174, [8.0, 8.0, 8.0, 8.0, 8.0, 8.0]], [524.599999999668, [8.0, 8.0, 8.0, 8.0, 8.0, 8.0]], [550.8299999996441, [8.0, 8.0, 8.0, 8.0, 8.0, 8.0]], [577.0599999996202, [8.0, 8.0, 8.0, 8.0, 8.0, 8.0]], [603.2899999995964, [8.0, 8.0, 8.0, 8.0, 8.0, 8.0]], [629.5199999995725, [8.0, 8.0, 8.0, 8.0, 8.0, 8.0]], [655.7499999995487, [8.0, 8.0, 8.0, 8.0, 8.0, 8.0]], [681.9799999995248, [8.0, 8.0, 8.0, 8.0, 8.0, 8.0]], [708.209999999501, [8.0, 8.0, 8.0, 8.0, 8.0, 8.0]], [734.4399999994771, [8.0, 8.0, 8.0, 8.0, 8.0, 8.0]], [760.6699999994532, [8.0, 8.0, 8.0, 8.0, 8.0, 8.0]], [786.8999999994294, [8.0, 8.0, 8.0, 8.0, 8.0, 8.0]], [813.1299999994055, [8.0, 8.0, 8.0, 8.0, 8.0, 8.0]], [839.3599999993817, [8.0, 8.0, 8.0, 8.0, 8.0, 8.0]], [865.5899999993578, [8.0, 8.0, 8.0, 8.0, 8.0, 8.0]], [891.819999999334, [8.0, 8.0, 8.0, 8.0, 8.0, 8.0]], [918.0499999993101, [8.0, 8.0, 8.0, 8.0, 8.0, 8.0]], [944.2799999992862, [8.0, 8.0, 8.0, 8.0, 8.0, 8.0]], [970.5099999992624, [8.0, 8.0, 8.0, 8.0, 8.0, 8.0]], [996.7399999992385, [8.0, 8.0, 8.0, 8.0, 8.0, 8.0]], [1022.9699999992147, [8.0, 8.0, 8.0, 8.0, 8.0, 8.0]], [1049.1999999991908, [8.0, 8.0, 8.0, 8.0, 8.0, 8.0]]], "rebuff": 854.1999999991908, "reward_val": 0.07927722232868625}