{
  "solution": [
    [
      0,
      0,
      4,
      5
    ],
    [
      5,
      5,
      5,
      5
    ],
    [
      0,
      0,
      5,
      5
    ],
    [
      5,
      5,
      5,
      5
    ],
    [
      0,
      5,
      5,
      5
    ],
    [
      0,
      0,
      5,
      5
    ],
    [
      5,
      5,
      5,
      5
    ],
    [
      5,
      5,
      5,
      5
    ],
    [
      5,
      5,
      5,
      5
    ],
    [
      0,
      0,
      5,
      5
    ],
    [
      0,
      1,
      5,
      5
    ],
    [
      5,
      5,
      5,
      5
    ],
    [
      5,
      5,
      5,
      5
    ],
    [
      0,
      0,
      4,
      5
    ],
    [
      0,
      0,
      0,
      5
    ],
    [
      4,
      5,
      5,
      5
    ],
    [
      4,
      5,
      5,
      5
    ],
    [
      5,
      5,
      5,
      5
    ],
    [
      5,
      5,
      5,
      5
    ],
    [
      5,
      5,
      5,
      5
    ],
    [
      5,
      5,
      5,
      5
    ],
    [
      0,
      0,
      0,
      5
    ],
    [
      5,
      5,
      5,
      5
    ],
    [
      5,
      5,
      5,
      5
    ],
    [
      5,
      5,
      5,
      5
    ],
    [
      5,
      5,
      5,
      5
    ],
    [
      0,
      0,
      5,
      5
    ],
    [
      5,
      5,
      5,
      5
    ],
    [
      0,
      0,
      0,
      5
    ],
    [
      4,
      5,
      5,
      5
    ]
  ],
  "time": [
    0,
    10.929999999999811,
    34.97000000000161,
    46.98999999999922,
    71.02999999999943,
    89.06000000000866,
    101.0800000000148,
    125.1200000000271,
    149.16000000000932,
    173.19999999998745,
    185.21999999997652,
    197.7899999999651,
    221.82999999994323,
    245.86999999992136,
    256.79999999991145,
    262.809999999906,
    285.7599999998851,
    308.70999999986424,
    332.7499999998424,
    356.7899999998205,
    380.82999999979864,
    404.8699999997768,
    410.8799999997713,
    434.91999999974945,
    458.9599999997276,
    482.9999999997057,
    507.03999999968386,
    519.059999999673,
    543.0999999996511,
    549.1099999996457
  ],
  "buffer": [
    0,
    10.0,
    20.0,
    17.98000000000239,
    20.0,
    16.969999999990776,
    14.949999999984627,
    20.0,
    20.0,
    20.0,
    17.980000000010932,
    20.410000000022364,
    20.0,
    20.0,
    19.070000000009912,
    18.06000000001538,
    20.0,
    20.0,
    20.0,
    20.0,
    20.0,
    20.0,
    18.990000000005466,
    20.0,
    20.0,
    20.0,
    20.0,
    17.980000000010875,
    20.0,
    18.990000000005466
  ],
  "reward": 0.6209982033278794,
  "final_time": 572.0599999996248,
  "playing_br": [
    [
      10.929999999999811,
      [
        0.0,
        0.0,
        9.0,
        11.0
      ]
    ],
    [
      34.97000000000161,
      [
        11.0,
        11.0,
        11.0,
        11.0
      ]
    ],
    [
      46.98999999999922,
      [
        0.0,
        0.0,
        11.0,
        11.0
      ]
    ],
    [
      71.02999999999943,
      [
        11.0,
        11.0,
        11.0,
        11.0
      ]
    ],
    [
      89.06000000000866,
      [
        0.0,
        11.0,
        11.0,
        11.0
      ]
    ],
    [
      101.0800000000148,
      [
        0.0,
        0.0,
        11.0,
        11.0
      ]
    ],
    [
      125.1200000000271,
      [
        11.0,
        11.0,
        11.0,
        11.0
      ]
    ],
    [
      149.16000000000932,
      [
        11.0,
        11.0,
        11.0,
        11.0
      ]
    ],
    [
      173.19999999998745,
      [
        11.0,
        11.0,
        11.0,
        11.0
      ]
    ],
    [
      185.21999999997652,
      [
        0.0,
        0.0,
        11.0,
        11.0
      ]
    ],
    [
      197.7899999999651,
      [
        0.0,
        1.0,
        11.0,
        11.0
      ]
    ],
    [
      221.82999999994323,
      [
        11.0,
        11.0,
        11.0,
        11.0
      ]
    ],
    [
      245.86999999992136,
      [
        11.0,
        11.0,
        11.0,
        11.0
      ]
    ],
    [
      256.79999999991145,
      [
        0.0,
        0.0,
        9.0,
        11.0
      ]
    ],
    [
      262.809999999906,
      [
        0.0,
        0.0,
        0.0,
        11.0
      ]
    ],
    [
      285.7599999998851,
      [
        9.0,
        11.0,
        11.0,
        11.0
      ]
    ],
    [
      308.70999999986424,
      [
        9.0,
        11.0,
        11.0,
        11.0
      ]
    ],
    [
      332.7499999998424,
      [
        11.0,
        11.0,
        11.0,
        11.0
      ]
    ],
    [
      356.7899999998205,
      [
        11.0,
        11.0,
        11.0,
        11.0
      ]
    ],
    [
      380.82999999979864,
      [
        11.0,
        11.0,
        11.0,
        11.0
      ]
    ],
    [
      404.8699999997768,
      [
        11.0,
        11.0,
        11.0,
        11.0
      ]
    ],
    [
      410.8799999997713,
      [
        0.0,
        0.0,
        0.0,
        11.0
      ]
    ],
    [
      434.91999999974945,
      [
        11.0,
        11.0,
        11.0,
        11.0
      ]
    ],
    [
      458.9599999997276,
      [
        11.0,
        11.0,
        11.0,
        11.0
      ]
    ],
    [
      482.9999999997057,
      [
        11.0,
        11.0,
        11.0,
        11.0
      ]
    ],
    [
      507.03999999968386,
      [
        11.0,
        11.0,
        11.0,
        11.0
      ]
    ],
    [
      519.059999999673,
      [
        0.0,
        0.0,
        11.0,
        11.0
      ]
    ],
    [
      543.0999999996511,
      [
        11.0,
        11.0,
        11.0,
        11.0
      ]
    ],
    [
      549.1099999996457,
      [
        0.0,
        0.0,
        0.0,
        11.0
      ]
    ],
    [
      572.0599999996248,
      [
        9.0,
        11.0,
        11.0,
        11.0
      ]
    ]
  ],
  "rebuff": 20.0
}