{"solution": [[5, 5, 5, 5], [0, 5, 5, 5], [0, 5, 5, 5], [5, 5, 5, 5], [5, 5, 5, 5], [0, 5, 5, 5], [0, 5, 5, 5], [5, 5, 5, 5], [5, 5, 5, 5], [5, 5, 5, 5], [5, 5, 5, 5], [5, 5, 5, 5], [5, 5, 5, 5], [5, 5, 5, 5], [5, 5, 5, 5], [5, 5, 5, 5], [5, 5, 5, 5], [5, 5, 5, 5], [0, 5, 5, 5], [5, 5, 5, 5], [5, 5, 5, 5], [5, 5, 5, 5], [5, 5, 5, 5], [5, 5, 5, 5], [0, 0, 5, 5], [5, 5, 5, 5], [5, 5, 5, 5], [0, 5, 5, 5], [5, 5, 5, 5], [5, 5, 5, 5]], "time": [0, 24.04000000000096, 42.0700000000002, 60.09999999999661, 84.14000000000614, 108.18000000001844, 126.21000000002766, 144.2400000000138, 168.27999999999193, 192.31999999997007, 216.3599999999482, 240.39999999992634, 264.4399999999045, 288.47999999988264, 312.5199999998608, 336.5599999998389, 360.59999999981704, 384.6399999997952, 408.6799999997733, 426.7099999997569, 450.74999999973505, 474.7899999997132, 498.8299999996913, 522.8699999996695, 546.9099999996477, 558.9299999996367, 582.9699999996149, 607.009999999593, 625.0399999995766, 649.0799999995547], "buffer": [0, 20, 15, 15, 20, 20, 15, 15, 20, 20, 20, 20, 20, 20, 20, 20, 20, 20, 20, 15, 20, 20, 20, 20, 20, 10, 20, 20, 15, 20], "reward": 0.3041769198495161, "final_time": 673.1199999995329, "playing_br": [[24.04000000000096, [11.0, 11.0, 11.0, 11.0]], [42.0700000000002, [0.0, 11.0, 11.0, 11.0]], [60.09999999999661, [0.0, 11.0, 11.0, 11.0]], [84.14000000000614, [11.0, 11.0, 11.0, 11.0]], [108.18000000001844, [11.0, 11.0, 11.0, 11.0]], [126.21000000002766, [0.0, 11.0, 11.0, 11.0]], [144.2400000000138, [0.0, 11.0, 11.0, 11.0]], [168.27999999999193, [11.0, 11.0, 11.0, 11.0]], [192.31999999997007, [11.0, 11.0, 11.0, 11.0]], [216.3599999999482, [11.0, 11.0, 11.0, 11.0]], [240.39999999992634, [11.0, 11.0, 11.0, 11.0]], [264.4399999999045, [11.0, 11.0, 11.0, 11.0]], [288.47999999988264, [11.0, 11.0, 11.0, 11.0]], [312.5199999998608, [11.0, 11.0, 11.0, 11.0]], [336.5599999998389, [11.0, 11.0, 11.0, 11.0]], [360.59999999981704, [11.0, 11.0, 11.0, 11.0]], [384.6399999997952, [11.0, 11.0, 11.0, 11.0]], [408.6799999997733, [11.0, 11.0, 11.0, 11.0]], [426.7099999997569, [0.0, 11.0, 11.0, 11.0]], [450.74999999973505, [11.0, 11.0, 11.0, 11.0]], [474.7899999997132, [11.0, 11.0, 11.0, 11.0]], [498.8299999996913, [11.0, 11.0, 11.0, 11.0]], [522.8699999996695, [11.0, 11.0, 11.0, 11.0]], [546.9099999996477, [11.0, 11.0, 11.0, 11.0]], [558.9299999996367, [0.0, 0.0, 11.0, 11.0]], [582.9699999996149, [11.0, 11.0, 11.0, 11.0]], [607.009999999593, [11.0, 11.0, 11.0, 11.0]], [625.0399999995766, [0.0, 11.0, 11.0, 11.0]], [649.0799999995547, [11.0, 11.0, 11.0, 11.0]], [673.1199999995329, [11.0, 11.0, 11.0, 11.0]]], "rebuff": 20.0}