{"solution": [[5, 5, 5, 5], [5, 5, 5, 5], [5, 5, 5, 5], [5, 5, 5, 5], [0, 4, 5, 5], [5, 5, 5, 5], [0, 0, 5, 5], [5, 5, 5, 5], [5, 5, 5, 5], [5, 5, 5, 5], [5, 5, 5, 5], [5, 5, 5, 5], [0, 0, 5, 5], [5, 5, 5, 5], [5, 5, 5, 5], [1, 5, 5, 5], [0, 5, 5, 5], [0, 0, 0, 5], [5, 5, 5, 5], [5, 5, 5, 5], [5, 5, 5, 5], [5, 5, 5, 5], [0, 0, 3, 5], [5, 5, 5, 5], [5, 5, 5, 5], [0, 0, 5, 5], [5, 5, 5, 5], [5, 5, 5, 5], [5, 5, 5, 5], [5, 5, 5, 5]], "time": [0, 24.04000000000096, 48.079999999999, 72.11999999999999, 96.16000000001229, 113.10000000002096, 137.14000000002025, 149.16000000000932, 173.19999999998745, 197.2399999999656, 221.27999999994373, 245.31999999992186, 269.3599999999, 281.3799999998891, 305.41999999986723, 329.45999999984537, 348.03999999982847, 366.06999999981207, 372.0799999998066, 396.11999999978474, 420.1599999997629, 444.199999999741, 468.23999999971915, 478.0799999997102, 502.11999999968833, 526.1599999996665, 538.1799999996556, 562.2199999996337, 586.2599999996119, 610.29999999959], "buffer": [0, 20, 20, 20, 20, 15, 20, 10, 20, 20, 20, 20, 20, 10, 20, 20, 20, 15, 5, 20, 20, 20, 20, 10, 20, 20, 10, 20, 20, 20], "reward": 0.5705604527520078, "final_time": 634.3399999995681, "playing_br": [[24.04000000000096, [11.0, 11.0, 11.0, 11.0]], [48.079999999999, [11.0, 11.0, 11.0, 11.0]], [72.11999999999999, [11.0, 11.0, 11.0, 11.0]], [96.16000000001229, [11.0, 11.0, 11.0, 11.0]], [113.10000000002096, [0.0, 9.0, 11.0, 11.0]], [137.14000000002025, [11.0, 11.0, 11.0, 11.0]], [149.16000000000932, [0.0, 0.0, 11.0, 11.0]], [173.19999999998745, [11.0, 11.0, 11.0, 11.0]], [197.2399999999656, [11.0, 11.0, 11.0, 11.0]], [221.27999999994373, [11.0, 11.0, 11.0, 11.0]], [245.31999999992186, [11.0, 11.0, 11.0, 11.0]], [269.3599999999, [11.0, 11.0, 11.0, 11.0]], [281.3799999998891, [0.0, 0.0, 11.0, 11.0]], [305.41999999986723, [11.0, 11.0, 11.0, 11.0]], [329.45999999984537, [11.0, 11.0, 11.0, 11.0]], [348.03999999982847, [1.0, 11.0, 11.0, 11.0]], [366.06999999981207, [0.0, 11.0, 11.0, 11.0]], [372.0799999998066, [0.0, 0.0, 0.0, 11.0]], [396.11999999978474, [11.0, 11.0, 11.0, 11.0]], [420.1599999997629, [11.0, 11.0, 11.0, 11.0]], [444.199999999741, [11.0, 11.0, 11.0, 11.0]], [468.23999999971915, [11.0, 11.0, 11.0, 11.0]], [478.0799999997102, [0.0, 0.0, 7.0, 11.0]], [502.11999999968833, [11.0, 11.0, 11.0, 11.0]], [526.1599999996665, [11.0, 11.0, 11.0, 11.0]], [538.1799999996556, [0.0, 0.0, 11.0, 11.0]], [562.2199999996337, [11.0, 11.0, 11.0, 11.0]], [586.2599999996119, [11.0, 11.0, 11.0, 11.0]], [610.29999999959, [11.0, 11.0, 11.0, 11.0]], [634.3399999995681, [11.0, 11.0, 11.0, 11.0]]], "rebuff": 20.0}