{"solution": [[0, 0, 0, 2], [4, 0, 0, 0], [4, 0, 0, 0], [4, 0, 0, 0], [4, 0, 0, 0], [4, 0, 0, 0], [4, 0, 0, 0], [4, 0, 0, 0], [4, 0, 0, 0], [4, 0, 0, 0], [4, 0, 0, 0], [4, 0, 0, 0], [4, 0, 0, 0], [4, 0, 0, 0], [0, 0, 0, 4], [4, 0, 0, 0], [4, 0, 0, 0], [4, 0, 0, 0], [4, 0, 0, 0], [4, 0, 0, 0], [4, 0, 0, 0], [4, 0, 0, 0], [4, 0, 0, 0], [4, 0, 0, 0], [4, 0, 0, 0], [4, 0, 0, 0], [4, 0, 0, 0], [4, 0, 0, 0], [4, 0, 0, 0], [4, 0, 0, 0]], "time": [0, 2.7399999999999856, 7.659999999999881, 12.579999999999776, 17.499999999999936, 22.420000000000705, 27.340000000001474, 32.26000000000215, 37.18000000000117, 42.10000000000019, 47.019999999999214, 51.939999999998236, 56.85999999999726, 61.77999999999628, 66.69999999999722, 71.61999999999973, 76.54000000000225, 81.46000000000477, 86.38000000000729, 91.3000000000098, 96.22000000001232, 101.14000000001484, 106.06000000001735, 110.98000000001987, 115.90000000002239, 120.8200000000249, 125.74000000002742, 130.66000000002614, 135.58000000002167, 140.5000000000172], "buffer": [0, 5.0, 5.080000000000105, 5.16000000000021, 5.24000000000005, 5.319999999999281, 5.399999999998512, 5.479999999997835, 5.559999999998814, 5.639999999999793, 5.720000000000772, 5.80000000000175, 5.880000000002729, 5.960000000003708, 6.0400000000027685, 6.1200000000002515, 6.199999999997734, 6.279999999995217, 6.3599999999927, 6.439999999990183, 6.519999999987666, 6.599999999985149, 6.679999999982632, 6.759999999980115, 6.839999999977598, 6.919999999975081, 6.999999999972564, 7.079999999973841, 7.159999999978316, 7.239999999982791], "reward": 2.185739431410454, "final_time": 145.92000000001272, "playing_br": [[2.7399999999999856, [0.0, 0.0, 0.0, 5.0]], [7.659999999999881, [9.0, 0.0, 0.0, 0.0]], [12.579999999999776, [9.0, 0.0, 0.0, 0.0]], [17.499999999999936, [9.0, 0.0, 0.0, 0.0]], [22.420000000000705, [9.0, 0.0, 0.0, 0.0]], [27.340000000001474, [9.0, 0.0, 0.0, 0.0]], [32.26000000000215, [9.0, 0.0, 0.0, 0.0]], [37.18000000000117, [9.0, 0.0, 0.0, 0.0]], [42.10000000000019, [9.0, 0.0, 0.0, 0.0]], [47.019999999999214, [9.0, 0.0, 0.0, 0.0]], [51.939999999998236, [9.0, 0.0, 0.0, 0.0]], [56.85999999999726, [9.0, 0.0, 0.0, 0.0]], [61.77999999999628, [9.0, 0.0, 0.0, 0.0]], [66.69999999999722, [9.0, 0.0, 0.0, 0.0]], [71.61999999999973, [0.0, 0.0, 0.0, 9.0]], [76.54000000000225, [9.0, 0.0, 0.0, 0.0]], [81.46000000000477, [9.0, 0.0, 0.0, 0.0]], [86.38000000000729, [9.0, 0.0, 0.0, 0.0]], [91.3000000000098, [9.0, 0.0, 0.0, 0.0]], [96.22000000001232, [9.0, 0.0, 0.0, 0.0]], [101.14000000001484, [9.0, 0.0, 0.0, 0.0]], [106.06000000001735, [9.0, 0.0, 0.0, 0.0]], [110.98000000001987, [9.0, 0.0, 0.0, 0.0]], [115.90000000002239, [9.0, 0.0, 0.0, 0.0]], [120.8200000000249, [9.0, 0.0, 0.0, 0.0]], [125.74000000002742, [9.0, 0.0, 0.0, 0.0]], [130.66000000002614, [9.0, 0.0, 0.0, 0.0]], [135.58000000002167, [9.0, 0.0, 0.0, 0.0]], [140.5000000000172, [9.0, 0.0, 0.0, 0.0]], [145.42000000001272, [9.0, 0.0, 0.0, 0.0]]], "rebuff": 2.7399999999999856}