{"solution": [[0, 0, 1, 1], [1, 0, 0, 1], [1, 0, 0, 1], [1, 0, 0, 1], [1, 0, 0, 1], [1, 0, 0, 1], [1, 0, 0, 1], [1, 0, 0, 1], [1, 1, 0, 0], [1, 0, 0, 1], [1, 0, 0, 1], [1, 0, 0, 1], [1, 0, 0, 1], [1, 0, 0, 1], [0, 0, 1, 1], [1, 0, 0, 1], [1, 0, 0, 1], [1, 0, 0, 1], [1, 0, 0, 1], [1, 0, 0, 1], [1, 0, 0, 1], [1, 0, 0, 1], [1, 0, 0, 1], [1, 0, 0, 1], [1, 0, 0, 1], [1, 0, 0, 1], [1, 0, 0, 1], [1, 0, 0, 1], [1, 0, 0, 1], [1, 0, 0, 1]], "time": [0, 1.1000000000000008, 2.199999999999997, 3.2999999999999736, 4.399999999999951, 10.000000000000027, 24.500000000000128, 47.900000000000055, 80.2000000000002, 121.39999999999979, 171.4999999999988, 230.49999999999883, 298.39999999999986, 375.20000000000186, 460.90000000000487, 555.5000000000089, 659.0000000000139, 771.4000000000199, 892.7000000000269, 1022.9000000000349, 1162.0000000000439, 1310.000000000054, 1466.900000000065, 1632.700000000077, 1807.40000000009, 1991.000000000104, 2183.500000000119, 2384.90000000011, 2595.200000000077, 2814.40000000002], "buffer": [0, 10.0, 18.900000000000006, 27.80000000000003, 36.70000000000005, 45.60000000000008, 54.5000000000001, 63.39999999999993, 72.30000000000015, 81.19999999999959, 90.09999999999903, 99.00000000000003, 107.90000000000103, 116.80000000000203, 125.70000000000303, 134.60000000000403, 143.50000000000503, 152.40000000000603, 161.30000000000703, 170.20000000000803, 179.10000000000903, 188.00000000001003, 196.90000000001103, 205.80000000001203, 214.70000000001303, 223.60000000001403, 232.50000000001504, 241.39999999999102, 250.299999999967, 259.199999999943], "reward": 0.09858692080184227, "final_time": 3042.999999999939, "playing_br": [[1.1000000000000008, [0.0, 0.0, 1.0, 1.0]], [2.199999999999997, [1.0, 0.0, 0.0, 1.0]], [3.2999999999999736, [1.0, 0.0, 0.0, 1.0]], [4.399999999999951, [1.0, 0.0, 0.0, 1.0]], [5.499999999999927, [1.0, 0.0, 0.0, 1.0]], [11.100000000000003, [1.0, 0.0, 0.0, 1.0]], [25.6000000000003, [1.0, 0.0, 0.0, 1.0]], [48.99999999999984, [1.0, 0.0, 0.0, 1.0]], [81.30000000000076, [1.0, 1.0, 0.0, 0.0]], [122.50000000000036, [1.0, 0.0, 0.0, 1.0]], [172.5999999999978, [1.0, 0.0, 0.0, 1.0]], [231.59999999999783, [1.0, 0.0, 0.0, 1.0]], [299.49999999999886, [1.0, 0.0, 0.0, 1.0]], [376.30000000000086, [1.0, 0.0, 0.0, 1.0]], [462.00000000000387, [0.0, 0.0, 1.0, 1.0]], [556.6000000000079, [1.0, 0.0, 0.0, 1.0]], [660.1000000000129, [1.0, 0.0, 0.0, 1.0]], [772.5000000000189, [1.0, 0.0, 0.0, 1.0]], [893.8000000000259, [1.0, 0.0, 0.0, 1.0]], [1024.0000000000339, [1.0, 0.0, 0.0, 1.0]], [1163.1000000000429, [1.0, 0.0, 0.0, 1.0]], [1311.100000000053, [1.0, 0.0, 0.0, 1.0]], [1468.000000000064, [1.0, 0.0, 0.0, 1.0]], [1633.800000000076, [1.0, 0.0, 0.0, 1.0]], [1808.500000000089, [1.0, 0.0, 0.0, 1.0]], [1992.100000000103, [1.0, 0.0, 0.0, 1.0]], [2184.600000000143, [1.0, 0.0, 0.0, 1.0]], [2386.000000000134, [1.0, 0.0, 0.0, 1.0]], [2596.300000000101, [1.0, 0.0, 0.0, 1.0]], [2815.500000000044, [1.0, 0.0, 0.0, 1.0]]], "rebuff": 1.1000000000000008}