{"solution": [[0, 0, 0, 0, 1, 1], [0, 0, 0, 0, 2, 2], [0, 0, 0, 0, 2, 2], [0, 2, 2, 0, 0, 0], [2, 2, 0, 0, 0, 0], [2, 2, 0, 0, 0, 0], [0, 2, 2, 0, 0, 0], [0, 0, 0, 0, 2, 2], [0, 0, 0, 0, 2, 2], [0, 2, 2, 0, 0, 0], [2, 2, 0, 0, 0, 0], [2, 2, 0, 0, 0, 0], [0, 2, 2, 0, 0, 0], [0, 0, 0, 0, 2, 2], [0, 0, 0, 0, 2, 2], [0, 0, 0, 0, 2, 2], [0, 0, 0, 0, 2, 2], [0, 0, 0, 0, 2, 2], [0, 0, 0, 0, 2, 2], [0, 0, 0, 0, 2, 2], [0, 2, 2, 0, 0, 0], [0, 2, 2, 0, 0, 0], [0, 0, 0, 0, 2, 2], [0, 0, 0, 0, 2, 2], [0, 2, 2, 0, 0, 0], [0, 0, 0, 0, 2, 2], [0, 2, 2, 0, 0, 0], [0, 0, 0, 0, 2, 2], [0, 0, 0, 0, 2, 2], [2, 2, 0, 0, 0, 0], [0, 0, 0, 0, 2, 2], [0, 2, 2, 0, 0, 0], [0, 2, 2, 0, 0, 0], [0, 0, 0, 0, 2, 2], [0, 2, 2, 0, 0, 0], [0, 2, 2, 0, 0, 0], [0, 0, 0, 0, 2, 2], [0, 0, 0, 0, 2, 2], [0, 2, 2, 0, 0, 0], [0, 0, 0, 0, 2, 2]], "time": [0, 1.1000000000000008, 5.479999999999928, 9.859999999999834, 14.23999999999974, 18.62000000000011, 23.000000000000796, 27.38000000000148, 31.760000000002165, 36.14000000000138, 40.52000000000051, 44.899999999999636, 49.279999999998765, 53.65999999999789, 58.03999999999702, 62.41999999999615, 66.79999999999727, 71.17999999999951, 75.56000000000175, 79.94000000000399, 84.32000000000623, 88.70000000000847, 93.08000000001071, 97.46000000001295, 101.8400000000152, 106.22000000001744, 110.60000000001968, 114.98000000002192, 119.36000000002416, 123.7400000000264, 128.12000000002845, 132.50000000002447, 136.8800000000205, 141.2600000000165, 145.64000000001252, 150.02000000000854, 154.40000000000455, 158.78000000000057, 163.1599999999966, 167.5399999999926], "buffer": [0, 10, 20, 20, 20, 20, 20, 20, 20, 20, 30, 30, 30, 30, 30, 30, 30, 30, 40, 40, 40, 40, 40, 40, 40, 40, 50, 50, 50, 50, 50, 50, 50, 50, 60, 60, 60, 60, 60, 60], "reward": 0.4488383136811881, "final_time": 172.41999999998862, "playing_br": [[1.1000000000000008, [0.0, 0.0, 0.0, 0.0, 1.0, 1.0]], [5.479999999999928, [0.0, 0.0, 0.0, 0.0, 4.0, 4.0]], [9.859999999999834, [0.0, 0.0, 0.0, 0.0, 4.0, 4.0]], [14.23999999999974, [0.0, 4.0, 4.0, 0.0, 0.0, 0.0]], [18.62000000000011, [4.0, 4.0, 0.0, 0.0, 0.0, 0.0]], [23.000000000000796, [4.0, 4.0, 0.0, 0.0, 0.0, 0.0]], [27.38000000000148, [0.0, 4.0, 4.0, 0.0, 0.0, 0.0]], [31.760000000002165, [0.0, 0.0, 0.0, 0.0, 4.0, 4.0]], [36.14000000000138, [0.0, 0.0, 0.0, 0.0, 4.0, 4.0]], [40.52000000000051, [0.0, 4.0, 4.0, 0.0, 0.0, 0.0]], [44.899999999999636, [4.0, 4.0, 0.0, 0.0, 0.0, 0.0]], [49.279999999998765, [4.0, 4.0, 0.0, 0.0, 0.0, 0.0]], [53.65999999999789, [0.0, 4.0, 4.0, 0.0, 0.0, 0.0]], [58.03999999999702, [0.0, 0.0, 0.0, 0.0, 4.0, 4.0]], [62.41999999999615, [0.0, 0.0, 0.0, 0.0, 4.0, 4.0]], [66.79999999999727, [0.0, 0.0, 0.0, 0.0, 4.0, 4.0]], [71.17999999999951, [0.0, 0.0, 0.0, 0.0, 4.0, 4.0]], [75.56000000000175, [0.0, 0.0, 0.0, 0.0, 4.0, 4.0]], [79.94000000000399, [0.0, 0.0, 0.0, 0.0, 4.0, 4.0]], [84.32000000000623, [0.0, 0.0, 0.0, 0.0, 4.0, 4.0]], [88.70000000000847, [0.0, 4.0, 4.0, 0.0, 0.0, 0.0]], [93.08000000001071, [0.0, 4.0, 4.0, 0.0, 0.0, 0.0]], [97.46000000001295, [0.0, 0.0, 0.0, 0.0, 4.0, 4.0]], [101.8400000000152, [0.0, 0.0, 0.0, 0.0, 4.0, 4.0]], [106.22000000001744, [0.0, 4.0, 4.0, 0.0, 0.0, 0.0]], [110.60000000001968, [0.0, 0.0, 0.0, 0.0, 4.0, 4.0]], [114.98000000002192, [0.0, 4.0, 4.0, 0.0, 0.0, 0.0]], [119.36000000002416, [0.0, 0.0, 0.0, 0.0, 4.0, 4.0]], [123.7400000000264, [0.0, 0.0, 0.0, 0.0, 4.0, 4.0]], [128.12000000002845, [4.0, 4.0, 0.0, 0.0, 0.0, 0.0]], [132.50000000002447, [0.0, 0.0, 0.0, 0.0, 4.0, 4.0]], [136.8800000000205, [0.0, 4.0, 4.0, 0.0, 0.0, 0.0]], [141.2600000000165, [0.0, 4.0, 4.0, 0.0, 0.0, 0.0]], [145.64000000001252, [0.0, 0.0, 0.0, 0.0, 4.0, 4.0]], [150.02000000000854, [0.0, 4.0, 4.0, 0.0, 0.0, 0.0]], [154.40000000000455, [0.0, 4.0, 4.0, 0.0, 0.0, 0.0]], [158.78000000000057, [0.0, 0.0, 0.0, 0.0, 4.0, 4.0]], [163.1599999999966, [0.0, 0.0, 0.0, 0.0, 4.0, 4.0]], [167.5399999999926, [0.0, 4.0, 4.0, 0.0, 0.0, 0.0]], [171.91999999998862, [0.0, 0.0, 0.0, 0.0, 4.0, 4.0]]], "rebuff": 1.1000000000000005, "reward_val": 0.1588433414233174}