{"solution": [[1, 1, 1, 1], [1, 1, 1, 0], [2, 2, 2, 0], [1, 1, 1, 0], [2, 2, 2, 0], [2, 2, 2, 0], [2, 2, 2, 0], [2, 2, 2, 0], [2, 2, 0, 0], [2, 2, 0, 0], [3, 3, 0, 0], [2, 2, 2, 0], [2, 2, 0, 0], [2, 2, 0, 0], [2, 2, 0, 0], [4, 4, 0, 0], [2, 2, 2, 0], [2, 2, 2, 0], [3, 3, 3, 0], [2, 2, 2, 0]], "time": [0, 2.1899999999999973, 3.8299999999999623, 8.749999999999858, 10.389999999999823, 15.309999999999718, 20.230000000000363, 25.150000000001132, 30.0700000000019, 33.350000000001934, 36.63000000000128, 42.10000000000019, 47.019999999999214, 50.29999999999856, 53.57999999999791, 56.85999999999726, 64.5099999999961, 69.42999999999861, 74.35000000000113, 82.55000000000533], "buffer": [0, 20, 35, 30, 45, 45, 45, 45, 45, 40, 50, 45, 45, 45, 45, 55, 40, 45, 50, 45], "reward": 1.0777385853927344, "final_time": 87.97000000000784, "playing_br": [[2.1899999999999973, [1.0, 1.0, 1.0, 1.0]], [3.8299999999999623, [1.0, 1.0, 1.0, 0.0]], [8.749999999999858, [3.0, 3.0, 3.0, 0.0]], [10.389999999999823, [1.0, 1.0, 1.0, 0.0]], [15.309999999999718, [3.0, 3.0, 3.0, 0.0]], [20.230000000000363, [3.0, 3.0, 3.0, 0.0]], [25.150000000001132, [3.0, 3.0, 3.0, 0.0]], [30.0700000000019, [3.0, 3.0, 3.0, 0.0]], [33.350000000001934, [3.0, 3.0, 0.0, 0.0]], [36.63000000000128, [3.0, 3.0, 0.0, 0.0]], [42.10000000000019, [5.0, 5.0, 0.0, 0.0]], [47.019999999999214, [3.0, 3.0, 3.0, 0.0]], [50.29999999999856, [3.0, 3.0, 0.0, 0.0]], [53.57999999999791, [3.0, 3.0, 0.0, 0.0]], [56.85999999999726, [3.0, 3.0, 0.0, 0.0]], [64.5099999999961, [7.0, 7.0, 0.0, 0.0]], [69.42999999999861, [3.0, 3.0, 3.0, 0.0]], [74.35000000000113, [3.0, 3.0, 3.0, 0.0]], [82.55000000000533, [5.0, 5.0, 5.0, 0.0]], [87.47000000000784, [3.0, 3.0, 3.0, 0.0]]], "rebuff": 2.1899999999999977}