{"solution": [[1, 1, 1, 1], [5, 5, 5, 5], [0, 0, 0, 0], [1, 1, 0, 0], [1, 1, 1, 0], [1, 1, 0, 0], [1, 1, 1, 0], [1, 1, 1, 0], [1, 1, 0, 0], [1, 1, 0, 0], [1, 1, 0, 0], [1, 1, 1, 0], [1, 1, 1, 0], [1, 1, 1, 0], [1, 1, 0, 0], [1, 1, 0, 0], [1, 1, 0, 0], [1, 1, 1, 0], [1, 1, 1, 0], [1, 1, 1, 0], [1, 1, 1, 0], [1, 1, 1, 0], [1, 1, 0, 0], [1, 1, 1, 0], [1, 1, 0, 0], [1, 1, 1, 0], [1, 1, 1, 0], [1, 1, 1, 0], [1, 1, 1, 0], [1, 1, 1, 0], [1, 1, 1, 0]], "time": [0, 2.1899999999999973, 26.2300000000013, 26.7300000000013, 27.830000000001473, 29.590000000001044, 40.25000000000044, 64.27000000000017, 101.64999999999905, 147.9299999999974, 203.10999999999672, 267.18999999999704, 344.62999999999886, 435.43000000000217, 539.590000000007, 652.6500000000128, 774.6100000000197, 905.4700000000275, 1049.690000000037, 1207.2700000000477, 1378.21000000006, 1562.510000000074, 1760.1700000000892, 1966.7300000001055, 2186.6500000001233, 2415.470000000117, 2657.650000000075, 2913.1899999999973, 3182.0899999998837, 3464.3499999997343, 3759.969999999549], "buffer": [0, 20.0, 20.0, 19.5, 28.399999999999828, 41.75999999999957, 50.6599999999994, 64.01999999999973, 77.37999999999889, 86.27999999999832, 95.17999999999932, 104.08000000000033, 117.44000000000182, 130.8000000000033, 144.1600000000048, 153.0600000000058, 161.9600000000068, 170.8600000000078, 184.2200000000093, 197.58000000001078, 210.94000000001228, 224.30000000001377, 237.66000000001526, 246.56000000001626, 259.92000000001775, 268.81999999999374, 282.17999999995794, 295.53999999992214, 308.89999999988635, 322.25999999985055, 335.61999999981475], "reward": 0.07430927896223034, "final_time": 4069.449999999328, "playing_br": [[2.1899999999999973, [1.0, 1.0, 1.0, 1.0]], [26.2300000000013, [11.0, 11.0, 11.0, 11.0]], [27.830000000001473, [1.0, 1.0, 0.0, 0.0]], [29.47000000000173, [1.0, 1.0, 1.0, 0.0]], [30.690000000001216, [1.0, 1.0, 0.0, 0.0]], [41.890000000000114, [1.0, 1.0, 1.0, 0.0]], [65.910000000001, [1.0, 1.0, 1.0, 0.0]], [102.74999999999962, [1.0, 1.0, 0.0, 0.0]], [149.0299999999964, [1.0, 1.0, 0.0, 0.0]], [204.20999999999572, [1.0, 1.0, 0.0, 0.0]], [268.82999999999555, [1.0, 1.0, 1.0, 0.0]], [346.26999999999737, [1.0, 1.0, 1.0, 0.0]], [437.0700000000007, [1.0, 1.0, 1.0, 0.0]], [540.690000000006, [1.0, 1.0, 0.0, 0.0]], [653.7500000000118, [1.0, 1.0, 0.0, 0.0]], [775.7100000000187, [1.0, 1.0, 0.0, 0.0]], [907.110000000026, [1.0, 1.0, 1.0, 0.0]], [1051.3300000000354, [1.0, 1.0, 1.0, 0.0]], [1208.9100000000462, [1.0, 1.0, 1.0, 0.0]], [1379.8500000000586, [1.0, 1.0, 1.0, 0.0]], [1564.1500000000724, [1.0, 1.0, 1.0, 0.0]], [1761.2700000000882, [1.0, 1.0, 0.0, 0.0]], [1968.370000000104, [1.0, 1.0, 1.0, 0.0]], [2187.7500000001473, [1.0, 1.0, 0.0, 0.0]], [2417.110000000153, [1.0, 1.0, 1.0, 0.0]], [2659.290000000111, [1.0, 1.0, 1.0, 0.0]], [2914.830000000033, [1.0, 1.0, 1.0, 0.0]], [3183.7299999999195, [1.0, 1.0, 1.0, 0.0]], [3465.98999999977, [1.0, 1.0, 1.0, 0.0]], [3761.609999999585, [1.0, 1.0, 1.0, 0.0]]], "rebuff": 6.230000000001301}