{"solution": [[0, 0, 5, 5], [5, 5, 5, 5], [0, 0, 5, 5], [5, 5, 5, 5], [0, 4, 5, 5], [5, 5, 5, 5], [5, 5, 5, 5], [5, 5, 5, 5], [0, 5, 5, 5], [5, 5, 5, 5], [0, 5, 5, 5], [5, 5, 5, 5], [0, 4, 5, 5], [0, 0, 5, 5], [5, 5, 5, 5], [5, 5, 5, 5], [0, 0, 5, 5], [0, 4, 5, 5], [0, 0, 5, 5], [0, 5, 5, 5], [5, 5, 5, 5], [5, 5, 5, 5], [5, 5, 5, 5], [0, 1, 5, 5], [5, 5, 5, 5], [0, 5, 5, 5], [5, 5, 5, 5], [0, 0, 4, 5], [0, 5, 5, 5], [1, 0, 5, 5]], "time": [0, 12.029999999999788, 36.07000000000139, 48.089999999999, 72.13, 89.07000000000866, 113.11000000002096, 137.15000000002024, 161.18999999999838, 179.21999999998198, 203.25999999996012, 221.28999999994372, 245.32999999992185, 262.2699999999065, 274.28999999989554, 298.3299999998737, 322.3699999998518, 334.3899999998409, 351.3299999998255, 363.34999999981454, 381.37999999979814, 405.4199999997763, 429.4599999997544, 453.49999999973255, 466.0699999997211, 490.10999999969926, 508.13999999968286, 532.179999999661, 543.1099999996511, 561.1399999996347], "buffer": [0, 10.0, 20.0, 17.98000000000239, 20.0, 18.059999999991334, 20.0, 20.0, 20.0, 16.970000000016398, 20.0, 16.970000000016398, 20.0, 18.06000000001538, 16.04000000002631, 20.0, 20.0, 17.980000000010932, 16.04000000002634, 14.020000000037271, 15.0, 20.0, 20.0, 20.0, 22.430000000011432, 20.0, 16.970000000016398, 20.0, 19.07000000000994, 16.04000000002634], "reward": 0.6187362186356377, "final_time": 573.7099999996233, "playing_br": [[12.029999999999788, [0.0, 0.0, 11.0, 11.0]], [36.07000000000139, [11.0, 11.0, 11.0, 11.0]], [48.089999999999, [0.0, 0.0, 11.0, 11.0]], [72.13, [11.0, 11.0, 11.0, 11.0]], [89.07000000000866, [0.0, 9.0, 11.0, 11.0]], [113.11000000002096, [11.0, 11.0, 11.0, 11.0]], [137.15000000002024, [11.0, 11.0, 11.0, 11.0]], [161.18999999999838, [11.0, 11.0, 11.0, 11.0]], [179.21999999998198, [0.0, 11.0, 11.0, 11.0]], [203.25999999996012, [11.0, 11.0, 11.0, 11.0]], [221.28999999994372, [0.0, 11.0, 11.0, 11.0]], [245.32999999992185, [11.0, 11.0, 11.0, 11.0]], [262.2699999999065, [0.0, 9.0, 11.0, 11.0]], [274.28999999989554, [0.0, 0.0, 11.0, 11.0]], [298.3299999998737, [11.0, 11.0, 11.0, 11.0]], [322.3699999998518, [11.0, 11.0, 11.0, 11.0]], [334.3899999998409, [0.0, 0.0, 11.0, 11.0]], [351.3299999998255, [0.0, 9.0, 11.0, 11.0]], [363.34999999981454, [0.0, 0.0, 11.0, 11.0]], [381.37999999979814, [0.0, 11.0, 11.0, 11.0]], [405.4199999997763, [11.0, 11.0, 11.0, 11.0]], [429.4599999997544, [11.0, 11.0, 11.0, 11.0]], [453.49999999973255, [11.0, 11.0, 11.0, 11.0]], [466.0699999997211, [0.0, 1.0, 11.0, 11.0]], [490.10999999969926, [11.0, 11.0, 11.0, 11.0]], [508.13999999968286, [0.0, 11.0, 11.0, 11.0]], [532.179999999661, [11.0, 11.0, 11.0, 11.0]], [543.1099999996511, [0.0, 0.0, 9.0, 11.0]], [561.1399999996347, [0.0, 11.0, 11.0, 11.0]], [573.7099999996233, [1.0, 0.0, 11.0, 11.0]]], "rebuff": 18.47000000003777}