{"solution": [[5, 5, 5, 5], [5, 5, 5, 5], [5, 5, 5, 5], [5, 5, 5, 5], [5, 5, 5, 5], [5, 5, 5, 5], [5, 5, 5, 5], [0, 4, 5, 5], [5, 5, 5, 5], [0, 0, 3, 5], [0, 5, 5, 5], [5, 5, 5, 5], [0, 0, 5, 5], [0, 5, 5, 5], [0, 4, 5, 5], [4, 5, 5, 5], [5, 5, 5, 5], [0, 0, 5, 5], [0, 0, 5, 5], [0, 0, 3, 5], [5, 5, 5, 5], [0, 0, 5, 5], [5, 5, 5, 5], [0, 0, 5, 5], [0, 5, 5, 5], [1, 1, 5, 5], [5, 5, 5, 5], [5, 5, 5, 5], [0, 0, 5, 5], [5, 5, 5, 5]], "time": [0, 24.04000000000096, 48.079999999999, 72.11999999999999, 96.16000000001229, 120.20000000002459, 144.2400000000138, 168.27999999999193, 185.21999999997652, 209.25999999995466, 219.0999999999457, 237.1299999999293, 261.1699999999075, 273.18999999989654, 291.21999999988014, 308.15999999986474, 331.10999999984386, 355.149999999822, 367.16999999981107, 379.18999999980014, 389.0299999997912, 413.0699999997693, 425.0899999997584, 449.1299999997365, 461.1499999997256, 479.1799999997092, 492.29999999969726, 516.3399999996755, 540.3799999996536, 552.3999999996427], "buffer": [0, 20, 20, 20, 20, 20, 20, 20, 15, 20, 10, 15, 20, 10, 15, 15, 20, 20, 10, 10, 10, 20, 10, 20, 10, 15, 20, 20, 20, 10], "reward": 0.3017448312999258, "final_time": 576.4399999996208, "playing_br": [[24.04000000000096, [11.0, 11.0, 11.0, 11.0]], [48.079999999999, [11.0, 11.0, 11.0, 11.0]], [72.11999999999999, [11.0, 11.0, 11.0, 11.0]], [96.16000000001229, [11.0, 11.0, 11.0, 11.0]], [120.20000000002459, [11.0, 11.0, 11.0, 11.0]], [144.2400000000138, [11.0, 11.0, 11.0, 11.0]], [168.27999999999193, [11.0, 11.0, 11.0, 11.0]], [185.21999999997652, [0.0, 9.0, 11.0, 11.0]], [209.25999999995466, [11.0, 11.0, 11.0, 11.0]], [219.0999999999457, [0.0, 0.0, 7.0, 11.0]], [237.1299999999293, [0.0, 11.0, 11.0, 11.0]], [261.1699999999075, [11.0, 11.0, 11.0, 11.0]], [273.18999999989654, [0.0, 0.0, 11.0, 11.0]], [291.21999999988014, [0.0, 11.0, 11.0, 11.0]], [308.15999999986474, [0.0, 9.0, 11.0, 11.0]], [331.10999999984386, [9.0, 11.0, 11.0, 11.0]], [355.149999999822, [11.0, 11.0, 11.0, 11.0]], [367.16999999981107, [0.0, 0.0, 11.0, 11.0]], [379.18999999980014, [0.0, 0.0, 11.0, 11.0]], [389.0299999997912, [0.0, 0.0, 7.0, 11.0]], [413.0699999997693, [11.0, 11.0, 11.0, 11.0]], [425.0899999997584, [0.0, 0.0, 11.0, 11.0]], [449.1299999997365, [11.0, 11.0, 11.0, 11.0]], [461.1499999997256, [0.0, 0.0, 11.0, 11.0]], [479.1799999997092, [0.0, 11.0, 11.0, 11.0]], [492.29999999969726, [1.0, 1.0, 11.0, 11.0]], [516.3399999996755, [11.0, 11.0, 11.0, 11.0]], [540.3799999996536, [11.0, 11.0, 11.0, 11.0]], [552.3999999996427, [0.0, 0.0, 11.0, 11.0]], [576.4399999996208, [11.0, 11.0, 11.0, 11.0]]], "rebuff": 20.0}