{"solution": [[5, 5, 5, 5], [5, 5, 5, 5], [5, 5, 5, 5], [5, 5, 5, 5], [5, 5, 5, 5], [5, 5, 5, 5], [5, 5, 5, 5], [5, 5, 5, 5], [0, 0, 0, 5], [3, 5, 5, 5], [5, 5, 5, 5], [4, 5, 5, 5], [0, 5, 5, 5], [5, 5, 5, 5], [5, 5, 5, 5], [5, 5, 5, 5], [0, 0, 4, 5], [0, 1, 5, 5], [4, 5, 5, 5], [0, 5, 5, 5], [5, 5, 5, 5], [5, 5, 5, 5], [0, 5, 5, 5], [5, 5, 5, 5], [5, 5, 5, 5], [0, 0, 4, 5], [5, 5, 5, 5], [5, 5, 5, 5], [0, 5, 5, 5], [0, 0, 0, 5]], "time": [0, 24.04000000000096, 48.079999999999, 72.11999999999999, 96.16000000001229, 120.20000000002459, 144.2400000000138, 168.27999999999193, 192.31999999997007, 198.3299999999646, 220.18999999994472, 244.22999999992285, 267.179999999902, 285.2099999998856, 309.24999999986375, 333.2899999998419, 357.32999999982, 368.2599999998101, 380.82999999979864, 403.7799999997778, 421.8099999997614, 445.8499999997395, 469.88999999971765, 487.91999999970125, 511.9599999996794, 535.9999999996576, 546.9299999996476, 570.9699999996258, 595.0099999996039, 613.0399999995875], "buffer": [0, 20, 20, 20, 20, 20, 20, 20, 20, 5, 20, 20, 20, 15, 20, 20, 20, 10, 15, 20, 15, 20, 20, 15, 20, 20, 10, 20, 20, 15], "reward": 0.582177984503621, "final_time": 619.049999999582, "playing_br": [[24.04000000000096, [11.0, 11.0, 11.0, 11.0]], [48.079999999999, [11.0, 11.0, 11.0, 11.0]], [72.11999999999999, [11.0, 11.0, 11.0, 11.0]], [96.16000000001229, [11.0, 11.0, 11.0, 11.0]], [120.20000000002459, [11.0, 11.0, 11.0, 11.0]], [144.2400000000138, [11.0, 11.0, 11.0, 11.0]], [168.27999999999193, [11.0, 11.0, 11.0, 11.0]], [192.31999999997007, [11.0, 11.0, 11.0, 11.0]], [198.3299999999646, [0.0, 0.0, 0.0, 11.0]], [220.18999999994472, [7.0, 11.0, 11.0, 11.0]], [244.22999999992285, [11.0, 11.0, 11.0, 11.0]], [267.179999999902, [9.0, 11.0, 11.0, 11.0]], [285.2099999998856, [0.0, 11.0, 11.0, 11.0]], [309.24999999986375, [11.0, 11.0, 11.0, 11.0]], [333.2899999998419, [11.0, 11.0, 11.0, 11.0]], [357.32999999982, [11.0, 11.0, 11.0, 11.0]], [368.2599999998101, [0.0, 0.0, 9.0, 11.0]], [380.82999999979864, [0.0, 1.0, 11.0, 11.0]], [403.7799999997778, [9.0, 11.0, 11.0, 11.0]], [421.8099999997614, [0.0, 11.0, 11.0, 11.0]], [445.8499999997395, [11.0, 11.0, 11.0, 11.0]], [469.88999999971765, [11.0, 11.0, 11.0, 11.0]], [487.91999999970125, [0.0, 11.0, 11.0, 11.0]], [511.9599999996794, [11.0, 11.0, 11.0, 11.0]], [535.9999999996576, [11.0, 11.0, 11.0, 11.0]], [546.9299999996476, [0.0, 0.0, 9.0, 11.0]], [570.9699999996258, [11.0, 11.0, 11.0, 11.0]], [595.0099999996039, [11.0, 11.0, 11.0, 11.0]], [613.0399999995875, [0.0, 11.0, 11.0, 11.0]], [619.049999999582, [0.0, 0.0, 0.0, 11.0]]], "rebuff": 5.0}